id,pid,level,order_num,hidden,enabled,create_date,title,content_text,link
7,0,0,1,1,1,2006-03-23 00:00:00,Главная,"Основными направлениями деятельности предприятия являются: Разработка и изготовление нового оборудования для резинотехнических, шинных и электротехнических предприятий; Производство новых приборов для лабораторий для измерения свойств резины, каучуков и пластмасс; Продажа, закупка и ремонт: Б/у оборудования и б/у приборов для резины и пластмасс; Поставка оборудования и приборов из Китая для резины и пластмасс . С радостью сообщаем хорошую новость, что с августа 2024 года мы нашли способ оплаты за товары из Китая! И даже 19 санкционный пакет 2025 года о запрете перечислений за коды 84 и 85 - нам нипочём! Однако есть и некоторые моменты - цены на китайскую продукцию могут немного увеличиться по сравнению с ранее заявленными. Кроме того, стоит учесть, что не специалисту может быть сложно разобраться во всех особенностях работы китайских предприятий и их производства. В Китае работает множество производителей, выпускающих однотипную продукцию, но качество и цены могут сильно различаться, а поставляемая в комплекте тех.документация не позволяет качественно провести пуско-наладочные работы. Поэтому мы работаем только с теми производителями, которые могут изготовить оборудование и приборы в соответствии с нашими требованиями, соответствующие нашим ГОСТ, или по нашим чертежам и с учетом всех необходимых доработок. Мы также предоставляем полный комплекс услуг по транспортировке, растаможке и доставке продукции до потребителя. Кроме того, мы осуществляем пуско-наладочные работы грамотными специалистами, а также предоставляем своё гарантийное и постгарантийное обслуживание. В случае необходимости, мы можем изготовить запасные детали по чертежам, полученным из Китая. Изготовление резино-технических изделий РТИ , РТД стандартных и по чертежам и образцам заказчика: кольца, прокладки, манжеты, конусы, прокладки, пробки, уплотнения, в т.ч. для розлива напитков: губки захватов бутылок для ополаскивающих и бракеражных автоматов, обрезиненные столики для этикеровочных машин. Изготовление пресс-форм для резины. Ссылки на оборудование и приборы производства Россия: Вальцы , каландр , краскотерка , пресс вулканизационный , дробилка для полимеров , измельчитель брикетов каучука - червячная установка , протекторная линия , линия заготовки боковин протекторов, линия гермослоя , дуплекс, триплекс, фильтровальная головка на экструдер , резиносмеситель Интермикс, смеситель Вернер , устройство распределительное для воды и воздуха , вспениватель для пенорезины , линия для рукавов высокого давления и рукавов с нитяной оплеткой , линия для производства галош , резиновых сапог, агрегат литьевой для обуви, таблеточные роторные и гидравлические машины , линия для фторопластовых труб и стержней , установка ультрафиолетового обеззараживания – ультрафиолетовый обеззараживатель . Приборы, машины для резины, каучука, РТИ и пластмасс . Разрывная машина РМИ ГОСТ 28840, морозостойкости ГОСТ 408, температурного предела хрупкости ГОСТ 7912, восстанавливаемости ГОСТ 13808, истирания МИ-2 , истирание по возобновляемой поверхности по DIN, ISO , твердомер шариковый ТШМ-2 ГОСТ 19111, 5960, твердомер по ISO ГОСТ 20403, пластометр ПСМ-2 ГОСТ 415, определения поверхностного натяжения тенсиометр Дю Нуи ГОСТ 20216, релаксометр осевого сжатия ГОСТ 9982, упругомер (УМР-1) ГОСТ 27110, ИСО 4662, машина для вырезки образцов пластин , сжатие и восстанавливаемость ГОСТ 20014, пресс пневматический для вырубки образцов , пресс гидравлический, вырубной пресс, нож вырубной штанцевый по ГОСТ 270, ГОСТ11262, ГОСТ23016, ГОСТ 26589-94, ГОСТ 29088-91, ГОСТ 12580, ГОСТ 2678-94, ГОСТ 262, ГОСТ 7912, ГОСТ 12535, вискозиметр Светлова ВМ-10 , стандартная кружка ВМС , лабораторные вальцы смесительные , c электроподогревом , микросмеситель Брабендер , лабораторный резиносмеситель , смеситель резинового клея , лабораторный смеситель Вернер , многократное растяжение и сжатие МРС-2 , прибор кольцевого модуля , машина на испытание на изгиб, машина Торренса . Ссылки на оборудование и приборы из Китая : ВАЛЬЦЫ , КАЛАНДРЫ 2-Х ВАЛКОВЫЕ , КАЛАНДРЫ 3-Х ВАЛКОВЫЕ , КАЛАНДРЫ 4-Х ВАЛКОВЫЕ , ОХЛАДИТЕЛЬНЫЕ БАРАБАНЫ , РЕЗИНОСМЕСИТЕЛЬ С РОТОРАМИ ТАНГЕНЦИАЛЬНОГО ТИПА (BANBURY ) , РЕЗИНОСМЕСИТЕЛЬ С РОТОРАМИ ТИПА ИНТЕРМИКC (INTERMESHING) (ДЛЯ ЖЕСТКИХ РЕЗИН до 120 ед по Муни) , СМЕСИТЕЛЬ ДИСПЕРСИОННЫЙ ДЛЯ РЕЗИНЫ И ПЛАСТМАСС С ВЕРХНИМ ПОДДАВЛИВАНИЕМ , СМЕСИТЕЛЬ ДИСПЕРСИОННЫЙ ДЛЯ ФОРМИРУЮЩИХСЯ ПЛАСТМАСС , СМЕСИТЕЛЬ ДВУХСТАДИЙНЫЙ ВЫСОКОСКОРОСТНОЙ ДЛЯ ПВХ (PVC) , ДВУХШНЕКОВЫЙ СМЕСИТЕЛЬ С ДВУХВАЛКОВОЙ ГОЛОВКОЙ , ВАКУУМНАЯ МЕСИЛЬНАЯ МАШИНА на 500 литров , СТРЕЙНЕР ДЛЯ РЕЗИНЫ , ЭКСТРУДЕРЫ ДЛЯ РЕЗИНЫ ХОЛОДНОГО ТИПА МЧХ , ЭКСТРУДЕР ДЛЯ РЕЗИНЫ ШТИФТОВЫЙ ХОЛОДНОГО ТИПА , ЭКСТРУДЕР ШТИФТОВЫЙ С ВАЛКОВОЙ ГОЛОВКОЙ , ЭКСТРУДЕР ШТИФТОВЫЙ С ГИДРАВЛИЧЕСКОЙ ГОЛОВКОЙ , ЭКСТРУДЕР ДЛЯ ПЛАСТМАСС ОДНОШНЕКОВЫЙ , ЭКСТРУДЕР ДЛЯ ПЛАСТМАСС С КОНИЧЕСКИМИ СДВОЕННЫМИ ШНЕКАМИ ТИПА ИНТЕРМИКС , ЭКСТРУДЕР ДЛЯ ПЛАСТМАСС ДВУХСТАДИЙНЫЙ , ЛИНИЯ КАЛАНДРОВАЯ ДЛЯ ЛИСТА ПВХ (PVC), ЛИНИЯ КАЛАНДРОВАЯ ДЛЯ ЛИСТА 0,3..2мм. ПП (PP) ., ЛИНИЯ КАЛАНДРОВАЯ ДЛЯ ЛИСТА 3..25мм. ПП (PP), ЛИНИЯ ГРАНУЛИРОВАНИЯ ПВХ , ДУПЛЕКСЫ , ТРИПЛЕКСЫ СО ШТИФТОВЫМИ ЭКСТРУДЕРАМИ ХОЛОДНОГО ТИПА , ПРЕССА ВУЛКАНИЗАЦИОННЫЕ, С ВАКУУМИРОВАНИЕМ, ИНЖЕКЦИОННЫЕ , ПРЕССА ПРЕДФОРМОВАТЕЛИ - ПРЕФОРМЕРЫ , ЛИНИЯ ПРОИЗВОДСТВА ДВЕРЕЙ И ОКОН ИЗ ПВХ(PVC) ИЛИ WPC , РЕЗАК ПОЛОСОК , ОТРЕЗНАЯ МАШИНА ТРУБ ПВХ, PE, PPR , ОТРЕЗНАЯ МАШИНА ПЛАНЕТАРНАЯ , МАШИНА ДЛЯ ПРОДОЛЬНОЙ РЕЗКИ С МУЛЬТИЛЕЗВИЕМ , ДИАГОНАЛЬНО_РЕЗАТЕЛЬНАЯ МАШИНА ДРМ , ПРОТЕКТОРНАЯ ХОЛОДИЛЬНАЯ УСТАНОВКА , МАШИНА НЕПРЕРЫВНОЙ ВУЛКАНИЗАЦИИ , ТАБЛЕТОЧНЫЕ МАШИНЫ , ОПЛЕТОЧНЫЕ МАШИНЫ 36 и 48 ШПУЛЬНЫЕ , Аппарат для шовной сварки, Гидравлическая фасонная машина, Змеевиковая фасонная машина, Отрезной станок, Трубосварочная машина , ОБОРУДОВАНИЕ ДЛЯ ПЕРЕРАБОТКИ АВТОПОКРЫШЕК. РАЗРЫВНЫЕ СЖИМАЮЩИЕ МАШИНЫ , МАЯТНИКОВЫЙ КОПЕР (ОПРЕДЕЛЕНИЯ УДАРНОЙ ВЯЗКОСТИ) , АНАЛИЗАТОР ДИСПЕРСИИ УГЛЕРОДА , ЭЛАСТОМЕР – УПРУГОМЕР , ПРИБОР ДЛЯ ИЗМЕРЕНИЯ ГИДРАВЛИЧЕСКОГО ДАВЛЕНИЯ НА ПЛАСТМАССОВУЮ ТРУБУ , МАШИНА ДЛЯ ВЫРЕЗКИ ПЛАСТИН , ТЕРМОКАМЕРА ДЛЯ ИСПЫТАНИЯ РЕЗИНЫ НА СТАРЕНИЕ , ИСПЫТАТЕЛЬ ИЗНОШЕННОСТИ КЛИНОВОГО РЕМНЯ , ВИСКОЗИМЕТР ПО МУНИ , РЕОМЕТР , ПРЕСС РУЧНОЙ , ПРЕСС ПНЕВМАТИЧЕСКИЙ 3тн. 5 тн. , АВТОМАТИЧЕСКИЙ РЕЗАК КАУЧУКА , АВТОМАТИЧЕСКИЙ ПРИБОР ДЛЯ ОБРЕЗАНИЯ САЛЬНИКА , ИСПЫТАТЕЛЬ СЖАТИЯ РЕЗИНЫ , ФЛЕКСОМЕТР , ТОЛЩИНОМЕРЫ , ТВЕРДОМЕРЫ , ПЛАСТОМЕТР , ПЛАСТОМЕТР C ТЕРМОСТАТОМ , ПРИБОР ДЛЯ ИСПЫТАНИЯ РЕЗИНЫ НА ИЗГИБ , ИСПЫТАТЕЛЬ ХРУПКОСТИ РЕЗИНЫ НИЗКОЙ ТЕМПЕРАТУРОЙ , ИСПЫТАТЕЛЬ ТРЕНИЯ ШИН , ПРИБОР ДЛЯ ИСПЫТАНИЯ ЭЛАСТОМЕРОВ НА ТРЕНИЕ ПО ВОЗОБНОВЛЯЕМОЙ ПОВЕРХНОСТИ , МАШИНА НА ИСПЫТАНИЕ РЕЗИН НА ИЗГИБ И УСТАЛОСТЬ ISO132 ISO133 , МАШИНА НА ИСПЫТАНИЕ РЕЗИН НА ИСТИРАНИЕ. АБРАЗИМЕТР , ИНДЕКС РАСПЛАВА ТЕРМОПЛАСТОВ - ЭКСТРУЗИОННЫЙ ПЛАСТОМЕТР , РЕЛАКСОМЕТР ОБУВНЫЕ ЛИТЬЕВЫЕ ПРЕССА ТИПА ДЕСМА DESMA, ОБОРУДОВАНИЕ ДЛЯ ПРОИЗВОДСТВА ОБУВИ, САПОГ, Ламинирующие, ДУБЛИРУЮЩИЕ, ПРОКЛЕИВАЮЩИЕ МАШИНЫ ДЛЯ ТКАНИ",
1822,1086,3,35,0,1,0000-00-00 00:00:00,Таблетирование АГ-4В и волокнита ЛТСВ-50-35/100,Линия для таблетирования волокнистых пресс-материалов типа АГ-4В и волокнита ЛТСВ-50-35/100 инд.591.750 http://www.polgroup.ru/ag4v.html,http://www.polgroup.ru/ag4v.html
1840,1652,3,30,0,1,0000-00-00 00:00:00,МАШИНА ДЛЯ ИСПЫТАНИЯ НА ИЗГИБ ПРИ СДВИГЕ И СОПРОТИВЛЕНИЕ ТРЕНИЮ,МАШИНА ДЛЯ ИСПЫТАНИЯ НА ИЗГИБ ПРИ СДВИГЕ И СОПРОТИВЛЕНИЕ ТРЕНИЮ http://www.polgroup.ru/sopr_tr.html,http://www.polgroup.ru/sopr_tr.html
1841,1652,3,35,0,1,0000-00-00 00:00:00,ДВУХГОЛОВОЧНЫЙ ШЛИФОВАЛЬНЫЙ СТАНОК,ДВУХГОЛОВОЧНЫЙ ШЛИФОВАЛЬНЫЙ СТАНОК http://www.polgroup.ru/tor_st.html,http://www.polgroup.ru/tor_st.html
1842,1652,3,40,0,1,0000-00-00 00:00:00,ВОЗВРАТНО-ПОСТУПАТЕЛЬНАЯ ИСТИРАЮЩАЯ МАШИНА ДЛЯ ИСПЫТАНИЯ НА ТРЕНИЕ РЕЗИН,ВОЗВРАТНО-ПОСТУПАТЕЛЬНАЯ ИСТИРАЮЩАЯ МАШИНА ДЛЯ ИСПЫТАНИЯ НА ТРЕНИЕ РЕЗИН http://www.polgroup.ru/vozvr_post.html,http://www.polgroup.ru/vozvr_post.html
1662,1061,3,20,0,1,0000-00-00 00:00:00,АЛГОРИТМ ВЫБОРА ВАЛЬЦЕВ,ПОМОЩЬ В ВЫБОРЕ ВАЛЬЦЕВ. АЛГОРИТМ ПОДБОРА ВАЛЬЦЕВ http://www.polgroup.ru/algoritm_mill.html,http://www.polgroup.ru/algoritm_mill.html
1797,1793,4,300,0,1,0000-00-00 00:00:00,ГОРЯЧЕГО ТИПА МЧТ,ЭКСТРУДЕР ДЛЯ РЕЗИНЫ ТЕПЛОГО ТИПА МЧТ . Китай ПРОЙДИТЕ ПО ССЫЛКЕ http://polgroup.ru/hot_ekstr.html,http://polgroup.ru/hot_ekstr.html
1837,1803,4,400,0,1,0000-00-00 00:00:00,ПЛАНЕТАРНЫЕ,Планетарные экструдеры для ПВХ www.polgroup.ru/planekstr.html,http://www.polgroup.ru/planekstr.html
1751,1333,3,90,0,1,0000-00-00 00:00:00,ПЛЕТЕЛЬНЫЕ МАШИНЫ. Германия,ПЛЕТЕЛЬНЫЕ МАШИНЫ. Германия http://www.polgroup.ru/pletel.html,http://www.polgroup.ru/pletel.html
1750,1090,3,150,0,1,0000-00-00 00:00:00,ВАЛКИ ДЛЯ КАЛАНДРОВ И ВАЛЬЦЕВ,ВАЛКИ ДЛЯ КАЛАНДРОВ И ВАЛЬЦЕВ ЦЕНЫ http://www.polgroup.ru/rolls.html,http://www.polgroup.ru/rolls.html
1748,1229,3,80,0,1,0000-00-00 00:00:00,ВАЛКИ ДЛЯ ВАЛЬЦЕВ ЦЕНЫ,,http://www.polgroup.ru/rolls.html
1749,1267,3,80,0,1,0000-00-00 00:00:00,ВАЛКИ ДЛЯ КАЛАНДРОВ И ВАЛЬЦЕВ,ВАЛКИ ДЛЯ КАЛАНДРОВ И ВАЛЬЦЕВ http://www.polgroup.ru/rolls.html,http://www.polgroup.ru/rolls.html
1287,1283,3,30,0,1,0000-00-00 00:00:00,ДВУХШНЕКОВЫЙ ДВУХВАЛКОВЫЙ,СМЕСИТЕЛЬ ДВУХШНЕКОВЫЙ С ДВУХВАЛКОВОЙ ГОЛОВКОЙ. Китай Пройдите по ссылке http://www.polgroup.ru/twin_screw.html,http://www.polgroup.ru/twin_screw.html
1341,1336,3,30,0,1,0000-00-00 00:00:00,"5,5 литра ИНТЕРМИКС","РЕЗИНОСМЕСИТЕЛЬ 5,5 литра ИНТЕРМИКС Пройдите по ссылке http://polgroup.ru/55litra.html",http://polgroup.ru/55litra.html
1333,1212,2,355,0,1,0000-00-00 00:00:00,ОПЛЕТОЧНЫЕ ПЛЕТЕЛЬНЫЕ МАШИНЫ,ОПЛЁТОЧНЫЕ и ПЛЕТЕЛЬНЫЕ МАШИНЫ ПОСТАВЛЯЕМЫЕ ИЗ КИТАЯ И ГЕРМАНИИ Пройдите по ссылке http://www.polgroup.ru/oplet_cn.html,http://www.polgroup.ru/oplet_cn.html
1338,1336,3,10,0,1,0000-00-00 00:00:00,"1,2 и 2,0  литра","РЕЗИНОСМЕСИТЕЛЬ 1,2 и 2,0 литра Пройдите по ссылке http://www.polgroup.ru/1_2litra.html",http://www.polgroup.ru/1_2litra.html
1339,1336,3,20,0,1,0000-00-00 00:00:00,"4,5 литра","РЕЗИНОСМЕСИТЕЛЬ 4,5 литра Пройдите по ссылке http://www.polgroup.ru/45litra.html",http://www.polgroup.ru/45litra.html
1340,1060,2,60,0,1,0000-00-00 00:00:00,СМЕСИТЕЛИ ЛАБОРАТОРНЫЕ,РЕЗИНОСМЕСИТЕЛИ ЛАБОРАТОРНЫЕ Пройдите по ссылке http://polgroup.ru/crk3_5.html,http://polgroup.ru/crk3_5.html
1343,1336,3,40,0,1,0000-00-00 00:00:00,20 ЛИТРОВ,РЕЗИНОСМЕСИТЕЛИ 20 ЛИТРОВ Пройдите по ссылке http://polgroup.ru/20litrov.html,http://polgroup.ru/20litrov.html
1344,1336,3,50,0,1,0000-00-00 00:00:00,40 ЛИТРОВ,РЕЗИНОСМЕСИТЕЛЬ 40 ЛИТРОВ Пройдите по ссылке http://polgroup.ru/40litrov.html,http://polgroup.ru/40litrov.html
1352,1340,3,35,0,1,0000-00-00 00:00:00,С ВЫГРУЖНЫМ ШНЕКОМ,СМЕСИТЕЛИ С Z-ОБРАЗНЫМИ РОТОРАМИ ТИПА ВЕРНЕР С ВЫГРУЖНЫМ ШНЕКОМ Пройдите по ссылке http://www.polgroup.ru/mix_screw.html,http://www.polgroup.ru/mix_screw.html
1347,1066,3,63,0,1,0000-00-00 00:00:00,РС КЛАСИКА С ТАНГЕНЦ.РОТОРАМИ. КИТАЙ,РЕЗИНОСМЕСИТЕЛИ КИТАЙ С РОТОРАМИ ТАНГЕНЦИАЛЬНОГО ТИПА Пройдите по ссылке http://www.polgroup.ru/tangenzsmes.html,http://www.polgroup.ru/tangenzsmes.html
1348,1336,3,60,0,1,0000-00-00 00:00:00,КИТАЙСКИЕ РЕЗ.СМ.,РЕЗИНОСМЕСИТЕЛИ КИТАЙ С ТАНГЕНЦ.РОТОРАМИ Пройдите по ссылке http://polgroup.ru/tangenzsmes.html,http://polgroup.ru/tangenzsmes.html
1349,1066,3,65,0,1,0000-00-00 00:00:00,РС ИНТЕРМИКС КЛАСИКА. КИТАЙ,РЕЗИНОСМЕСИТЕЛИ КИТАЙ ИНТЕРМИКС (С ЗАЦЕПЛЯЮЩИМИСЯ РОТОРАМИ) Пройдите по ссылке http://www.polgroup.ru/intermesing.html,http://www.polgroup.ru/intermesing.html
1350,1336,3,70,0,1,0000-00-00 00:00:00,КИТАЙ ИНТЕРМИКС,РЕЗИНОСМЕСИТЕЛИ КИТАЙ ИНТЕРМИКС Пройдите по ссылке http://polgroup.ru/intermesing.html,http://polgroup.ru/intermesing.html
1353,1340,3,55,0,1,0000-00-00 00:00:00,СМЕСИТЕЛИ КИТАЙ,Пройдите по ссылке http://www.polgroup.ru/1111_cn.html,http://www.polgroup.ru/1111_cn.html
1358,1215,2,20,0,1,0000-00-00 00:00:00,Открыть в WORD,,cena_cn.doc
1360,1214,2,0,0,1,0000-00-00 00:00:00,В формате Internet 230 kb,,price_cn.html
1746,1254,3,24,0,1,0000-00-00 00:00:00,ДЛЯ ВСПЕНЕННЫХ МАТЕРИАЛОВ,"Оборудование для вспененных материалов: вспененного полистирола, стиропола, вспененного полиэтилена PSP / ЭПЕ, вспененного пенопласта XPS , названный как polystyrene extrusion plastic board , PE XPS, вспененного листа ПВХ Пройдите по ссылке: http://www.polgroup.ru/ekstr_vspen.html",http://www.polgroup.ru/ekstr_vspen.html
1745,1264,3,100,0,1,0000-00-00 00:00:00,Таблеточные машины Индия,Таблеточные машины Индия Пройдите по ссылке http://www.polgroup.ru/tablet_ind.html,http://www.polgroup.ru/tablet_ind.html
1744,1264,3,20,0,1,0000-00-00 00:00:00,Таблеточные машины Россия,Таблеточные машины Россия http://polgroup.ru/mt3a.html,http://polgroup.ru/mt3a.html
1743,1264,3,1,0,1,0000-00-00 00:00:00,Таблеточные машины Китай,ТАБЛЕТОЧНЫЕ МАШИНЫ. Китай Пройдите по ссылке http://www.polgroup.ru/tablet_cn.html,http://www.polgroup.ru/tablet_cn.html
1809,1090,3,92,0,1,0000-00-00 00:00:00,АВТОМАТИЗАЦИЯ КАЛ. ЛИНИЙ,"АВТОМАТИЗАЦИЯ КАЛАНДРОВЫХ ЛИНИЙ: качалки, синхронихаторы, устройства равнения полотна http://polgroup.ru/auto_kal_line.html",http://polgroup.ru/auto_kal_line.html
1741,1496,3,200,0,1,0000-00-00 00:00:00,С ТАНГЕНЦИАЛЬНЫМИ РОТОРАМИ Б/У,СМЕСИТЕЛЬ С ТАНГЕНЦИАЛЬНЫМИ РОТОРАМИ (РЕЗИНОСМЕСИТЕЛИ) Б/У Пройдите по ссылке http://www.polgroup.ru/nelrez.html,http://www.polgroup.ru/nelrez.html
1740,1496,3,10,0,1,0000-00-00 00:00:00,С Z-ОБРАЗНЫМИ РОТОРАМИ Б/У,"Смеситель с Z-образными роторами, ленточными роторами, с лопастными роторами, с зацепляющимися роторами Пройдите по ссылке http://www.polgroup.ru/nelsmes.html",http://www.polgroup.ru/nelsmes.html
1739,1496,3,50,0,1,0000-00-00 00:00:00,ДЛЯ ПВХ ВЫСОКОСКОРОСТНЫЕ Б/У,Смесители высокоскоростные двухстадийные для ПВХ Б/У Пройдите по ссылке http://www.polgroup.ru/nelsmes2.html,http://www.polgroup.ru/nelsmes2.html
1357,1215,2,50,0,1,0000-00-00 00:00:00,Скачать в архиве RAR 14 kb,,cena_cn.rar
1351,1340,3,25,0,1,0000-00-00 00:00:00,С Z-ОБРАЗНЫМИ РОТОРАМИ типа ВЕРНЕР,"СМЕСИТЕЛИ ТИПА ВЕРНЕР от 3,5 до 200 литров С Z-ОБРАЗНЫМИ РОТОРАМИ Пройдите по ссылке http://www.polgroup.ru/crk3_5.html",http://www.polgroup.ru/crk3_5.html
1115,1060,2,110,0,1,0000-00-00 00:00:00,МНОГОКРАТНОЕ РАСТЯЖЕНИЕ И СЖАТИЕ МРС-2,МАШИНА ДЛЯ ИСПЫТАНИЯ РЕЗИНЫ НА МНОГОКРАТНОЕ РАСТЯЖЕНИЕ И СЖАТИЕ МРС-2 Пройдите по ссылке http://www.polgroup.ru/mrs_2.html,http://www.polgroup.ru/mrs_2.html
1116,1060,2,300,0,1,0000-00-00 00:00:00,МАШИНА ИСПЫТАНИЯ НА ИСТИРАНИЕ МИ-2,МАШИНА ДЛЯ ИСПЫТАНИЯ НА ИСТИРАНИЕ МИ-2 Пройдите по ссылке http://www.polgroup.ru/mi_2.html,http://www.polgroup.ru/mi_2.html
1117,1060,2,240,0,1,0000-00-00 00:00:00,МАШИНА  ДЛЯ  ВЫРЕЗКИ  ОБРАЗЦОВ  И  ПЛАСТИН,Пройдите по ссылке http://www.polgroup.ru/mash_v_obr.html,http://www.polgroup.ru/mash_v_obr.html
1342,1336,3,35,0,1,0000-00-00 00:00:00,18 ЛИТРОВ,РЕЗИНОСМЕСИТЕЛЬ 18 ЛИТРОВ Пройдите по ссылке http://polgroup.ru/18litrov.html,http://polgroup.ru/18litrov.html
1301,1213,2,10,0,1,0000-00-00 00:00:00,РАЗРЫВНЫЕ СЖИМАЮЩИЕ МАШИНЫ,Пройдите по ссылке http://www.polgroup.ru/rmi_cn.html,http://www.polgroup.ru/rmi_cn.html
1305,1213,2,230,0,1,0000-00-00 00:00:00,АНАЛИЗАТОР ДИСПЕРСИИ УГЛЕРОДА,Пройдите по ссылке http://www.polgroup.ru/carbon.html,http://www.polgroup.ru/carbon.html
1304,1213,2,22,0,1,0000-00-00 00:00:00,КОПЕР МАЯТНИКОВЫЙ - ПРИБОР ДЛЯ ОПРЕДЕЛЕНИЯ УДАРНОЙ ВЯЗКОСТИ,КОПЕР МАЯТНИКОВЫЙ - ПРИБОР ДЛЯ ОПРЕДЕЛЕНИЯ УДАРНОЙ ВЯЗКОСТИ Пройдите по ссылке http://www.polgroup.ru/coper.html,http://www.polgroup.ru/coper.html
1100,1060,2,120,0,1,0000-00-00 00:00:00,"ОПРЕДЕЛЕНИЕ ""КОЛЬЦЕВОГО МОДУЛЯ"" РЕЗИНЫ","ПРИБОР ДЛЯ ОПРЕДЕЛЕНИЯ ""КОЛЬЦЕВОГО МОДУЛЯ"" РЕЗИНЫ Пройдите по ссылке http://www.polgroup.ru/kolc_modyl2.html",http://www.polgroup.ru/kolc_modyl2.html
1101,1060,2,230,0,1,0000-00-00 00:00:00,МАШИНА ДЛЯ ВЫРЕЗКИ ПЛАСТИН,МАШИНА ДЛЯ ВЫРЕЗКИ ПЛАСТИН ИЗ ГОТОВЫХ ИЗДЕЛИЙ Пройдите по ссылке http://polgroup.ru/BH5903.html,http://polgroup.ru/BH5903.html
1102,1060,2,430,0,1,0000-00-00 00:00:00,ВИСКОЗИМЕТР  СВЕТЛОВА  ВМ-10,Пройдите по ссылке http://www.polgroup.ru/viskozimetr.html,http://www.polgroup.ru/viskozimetr.html
1103,1060,2,420,0,1,0000-00-00 00:00:00,КРУЖКА СТАНДАРТНАЯ ВМС,КРУЖКА СТАНДАРТНАЯ ВМС (опред. условной вязкости) Вискозиметр Пройдите по ссылке http://www.polgroup.ru/vms.html,http://www.polgroup.ru/vms.html
1104,1060,2,200,0,1,0000-00-00 00:00:00,ТВЕРДОМЕР  ДЛЯ  РЕЗИНЫ по ISO,Пройдите по ссылке http://www.polgroup.ru/tv_mer_ISO.html,http://www.polgroup.ru/tv_mer_ISO.html
1229,1212,2,10,0,1,0000-00-00 00:00:00,ВАЛЬЦЫ,ВАЛЬЦЫ ДЛЯ РЕЗИНЫ И ПЛАСТИКА. Китай Пройдите по ссылке http://www.polgroup.ru/valc_cn.html ВАЛЬЦЫ ДРОБИЛЬНЫЕ. Китай Пройдите по ссылке http://www.polgroup.ru/drob_valc.html РАФИНЕРОВОЧНЫЕ ВАЛЬЦЫ ДЛЯ РЕЗИНЫ. Китай Пройдите по ссылке http://www.polgroup.ru/refiner.html,http://www.polgroup.ru/mill_cn.html
1814,1066,3,50,0,1,0000-00-00 00:00:00,РЕЗИНОСМЕСИТЕЛЬ 40 л. Россия.,Резиносмеситель периодического действия с нижней выгрузкой на 40 литров Нашего производства http://polgroup.ru/40litrov.html,http://polgroup.ru/40litrov.html
1271,1212,2,4,0,1,0000-00-00 00:00:00,ЭКСТРУДЕРЫ.СТРЕЙНЕРЫ.ГРАНУЛЯТОРЫ,"Экструдер , стрейнер, грануляторы, пелетизаторы, трубные линии, фильтровальная головка Китай Пройдите по ссылке http://polgroup.ru/eks_all.html",http://polgroup.ru/eks_all.html
1233,1212,2,50,0,1,0000-00-00 00:00:00,ОХЛАДИТЕЛЬНЫЕ БАРАБАНЫ,Пройдите по ссылке http://www.polgroup.ru/oxl_bar.html,http://www.polgroup.ru/oxl_bar.html
1283,1212,2,70,0,1,0000-00-00 00:00:00,"СМЕСИТЕЛИ, МЕШАЛКИ","СМЕСИТЕЛИ с Z-образными лопастями, МЕШАЛКИ из нержавейки, с вакуумированием. Китай Пройдите по ссылке http://polgroup.ru/rez.html",http://polgroup.ru/rez.html
1284,1283,3,24,0,1,0000-00-00 00:00:00,КНИДЕР ДЛЯ РЕЗИНЫ И ПЛАСТМАСС с тангенц.рот.,"СМЕСИТЕЛИ ОБЛЕГЧЁННЫЕ ДЛЯ РЕЗИНЫ И ПЛАСТМАСС. КНИДЕР, Kneader. Китай Пройдите по ссылке http://www.polgroup.ru/dispergsmes.html",http://www.polgroup.ru/dispergsmes.html
1309,1213,2,70,0,1,0000-00-00 00:00:00,КАМЕРЫ ДЛЯ ИСПЫТАНИЙ,"Климатические камеры, сушильные шкафы, криокамеры, Температурные камеры, морозильная камера, камера тепла и холода, Криокамеры, Климатическая камера, Климатическая камера тепла и влажности, Сушильные шкафы, Печь на тепловое старение, Озоновая камера, водяная баня, масляная баня, камера соляного тумана, камера цветного старения, экспресс анализатор разрушения под воздействием атмосферного воздействия, камера светового старения Пройдите по ссылке http://www.polgroup.ru/kamera.html",http://www.polgroup.ru/kamera.html
1308,1213,2,225,0,1,0000-00-00 00:00:00,МАШИНА ДЛЯ ВЫФРЕЗЕРОВЫВАНИЯ ЛОПАТОК,"Машина для выфрезеровывания образцов по копиру, в виде лопатки по ГОСТ 11262-80. Китай http://www.polgroup.ru/giria.html",http://www.polgroup.ru/giria.html
1307,1213,2,50,0,1,0000-00-00 00:00:00,ИСПЫТАНИЕ ПЛАСТИКОВЫХ ТРУБ,"УСТАНОВКА ДЛЯ ИЗМЕРЕНИЯ и ИСПЫТАНИЯ ГИДРАВЛИЧЕСКОГО ДАВЛЕНИЯ НА ПЛАСТМАССОВУЮ ТРУБУ, СЖАТИЕ ТРУБ и ДР. Пройдите по ссылке http://www.polgroup.ru/gidravl.html",http://www.polgroup.ru/gidravl.html
1300,1293,3,70,0,1,0000-00-00 00:00:00,ПОДОГРЕВАТ. ПД-700 300/300,ВАЛЬЦЫ ПОДОГРЕВАТЕЛЬНЫЕ ДЛЯ РЕЗИНЫ ПД-700 300/300 Пройдите по ссылке http://www.polgroup.ru/tex_pd700.html,http://www.polgroup.ru/tex_pd700.html
1298,1293,3,50,0,1,0000-00-00 00:00:00,ЛАБОРАТОРНЫЕ ЛБ-450 225/225,Пройдите по ссылке http://www.polgroup.ru/tex_lb450.html,http://www.polgroup.ru/tex_lb450.html
1299,1293,3,60,0,1,0000-00-00 00:00:00,ПОДОГРЕВАТ. ПД-630 315/315,ВАЛЬЦЫ ДЛЯ РЕЗИНЫ ПОДОГРЕВАТЕЛЬНЫЕ ПД-630 315/315 инд.221.665 (221.661 старая модель) Пройдите по ссылке http://www.polgroup.ru/tex_pd630.html,http://www.polgroup.ru/tex_pd630.html
4,0,0,30,0,1,0000-00-00 00:00:00,Руководство предприятия,"Руководство предприятия Генгеральный директор ООО ""Полимермаш Групп"" г.Санкт-Петербург . Лаптев Вячеслав Анатольевич Пройдите по ссылке: http://www.polgroup.ru/komdi.html",http://www.polgroup.ru/komdi.html
1059,1058,1,5,0,1,0000-00-00 00:00:00,Оборуд. С.Петербург,"Выпускаемое оборудование. Производитель ООО ""Полимермаш Групп"" г.Санкт-Петербург. Пройдите по ссылке http://polgroup.ru/1111.html",http://polgroup.ru/1111.html
1221,0,0,50,0,1,0000-00-00 00:00:00,Банковские реквизиты,"Банковские реквизиты ООО ""Полимермаш Групп"" http://www.polgroup.ru/bank.html",http://www.polgroup.ru/bank.html
1007,0,0,20,0,1,0000-00-00 00:00:00,Учредительные документы,"УЧРЕДИТЕЛЬНЫЕ ДОКУМЕНТЫ ООО ""ПОЛИМЕРМАШ ГРУПП"" г.С.Петербург Свидетельство о регистрации Свидетельство о постановке на учёт в налоговом органе Статистика Устав титульный лист Устав 1 лист Свидетельство о внесении в ЕГРЮЛ ЕГРЮЛ лист 1 ЕГРЮЛ лист 2 ЕГРЮЛ лист 3 ЕГРЮЛ лист 4 ЕГРЮЛ лист 5 ЕГРЮЛ лист 6 ЕГРЮЛ лист 7 ЕГРЮЛ лист 8",
1286,1283,3,40,0,1,0000-00-00 00:00:00,ДВУХСТАДИЙНЫЙ ВЫСОКОCКОР. ДЛЯ ПВХ,СМЕСИТЕЛЬ ДВУХСТАДИЙНЫЙ ВЫСОКОСКОРОСТНОЙ ДЛЯ ПВХ (Mixer highspeed for PVC) Пройдите по ссылке http://www.polgroup.ru/2stadsmes.html,http://www.polgroup.ru/2stadsmes.html
1282,1280,3,7,0,1,0000-00-00 00:00:00,РС С РОТОРАМИ ТИПА ИНТЕРМИКC,РЕЗИНОСМЕСИТЕЛИ С РОТОРАМИ ТИПА ИНТЕРМИКC Пройдите по ссылке http://www.polgroup.ru/intermesing.html,http://www.polgroup.ru/intermesing.html
1009,1007,1,10,0,1,0000-00-00 00:00:00,Свидетельство о регистрации,,
1010,1007,1,30,0,1,0000-00-00 00:00:00,Свидетельство о постановке на учет в налоговом органе,,
1012,1007,1,50,0,1,0000-00-00 00:00:00,Статистика,,
1013,1007,1,60,0,1,0000-00-00 00:00:00,Устав титульный лист,,
1121,1060,2,210,0,1,0000-00-00 00:00:00,ТВЕРДОМЕР ШАРИКОВЫЙ  ДЛЯ  РЕЗИНЫ  И ПВХ,Пройдите по ссылке http://www.polgroup.ru/tv_tshm.html,http://www.polgroup.ru/tv_tshm.html
1122,1060,2,270,0,1,0000-00-00 00:00:00,УПРУГОМЕР ПО ИСО,Пройдите по ссылке http://www.polgroup.ru/yprugomer.html,http://www.polgroup.ru/yprugomer.html
1096,1061,3,250,0,1,0000-00-00 00:00:00,ПД320 160/160Э C ЭЛ.НАГРЕВОМ ДЛЯ ПЛАСТМАСС,ВАЛЬЦЫ ПД320 160/160Э с электронагревом производства С.Петербург Пройдите по ссылке http://www.polgroup.ru/tex_pd320E.html,http://www.polgroup.ru/tex_pd320E.html
1120,1060,2,190,0,1,0000-00-00 00:00:00,РЕЛАКСОМЕТР ОСЕВОГО СЖАТИЯ,Пройдите по ссылке http://www.polgroup.ru/relax.html,http://www.polgroup.ru/relax.html
1060,1058,1,15,0,1,0000-00-00 00:00:00,Приборы С.Петербург,"Производитель. Приборы для резины и пластмасс выпускаемые ООО ""Полимермаш Групп"" С.Петербург Прайс-лист выпускаемых приборов http://polgroup.ru/cena.html Перечень выпускаемых приборов http://polgroup.ru/pribori.html",http://polgroup.ru/pribori.html
1845,1271,3,90,0,1,0000-00-00 00:00:00,ЛИНИЯ ПРОИЗВ.РЕЗ.СТ.КАНАТОВ,ОБОРУДОВАНИЕ ДЛЯ ПРОИЗВОДСТВА РЕЗИНОВЫХ СТАЛЬНЫХ КАНАТОВ http://polgroup.ru/rubber_rope.html,http://polgroup.ru/rubber_rope.html
1061,1059,2,10,0,1,0000-00-00 00:00:00,ВАЛЬЦЫ,"Вальцы для резины ПД 320 160/160 инд. 221.841 или .221.041 http://polgroup.ru/tex_pd320.html Предназначены для смешения каучука с различными ингредиентами , приготовления и листования резиновых смесей. Выпускаются по ГОСТ 14333.",http://polgroup.ru/valc.html
1781,1267,3,44,0,1,0000-00-00 00:00:00,ХОЛОДИЛЬНАЯ УСТАНОВКА РЕЗИНОВОГО ПОЛОТНА,"ХОЛОДИЛЬНАЯ УСТАНОВКА, ФЕСТОННАЯ УСТАНОВКА, ФЕСТОНКА. Пройдите по ссылке http://polgroup.ru/holod.html",http://polgroup.ru/holod.html
1782,1267,3,45,0,1,0000-00-00 00:00:00,ОХЛАЖДАЮЩИЕ БАРАБАНЫ,ОХЛАЖДАЮЩИЕ БАРАБАНЫ http://www.polgroup.ru/oxl_bar.html,http://www.polgroup.ru/oxl_bar.html
1784,1212,2,360,0,1,0000-00-00 00:00:00,"ОБОР.ПРОИЗВ.ШЛАНГОВ,РУКАВОВ ТПУ","Оборудование для производства трубок ТПУ, шлангов TPU, рукавов высокого давления из термопластичного уретана. Китай. http://polgroup.ru/tpu.html",http://polgroup.ru/tpu.html
1785,1271,3,111,0,1,0000-00-00 00:00:00,ЛИНИИ ДЛЯ ТРУБ из ТПУ,"Оборудование для производства трубок ТПУ, шлангов TPU, рукавов высокого давления из термопластичного уретана. Китай. http://polgroup.ru/tpu.html",http://polgroup.ru/tpu.html
1063,1059,2,26,0,1,0000-00-00 00:00:00,"КРАСКОТЕРКА ТРЕХВАЛЬЦОВАЯ,МЕЛЬНИЦА ТРЕХВАЛКОВАЯ","ТРЕХВАЛЬЦОВАЯ (ТРЕХВАЛКОВАЯ) МЕЛЬНИЦА, КРАСКОТЕРКА, ПЕРЕТИРАНИЕ ВАЛКАМИ, ИСТИРАНИЕ КРАСОК, ПЕРЕТИРАНИЕ КРАСОК Пройдите по ссылке http://polgroup.ru/kraska.html",http://polgroup.ru/kraska.html
1064,1059,2,38,0,1,0000-00-00 00:00:00,ЛИНИЯ ПРОИЗВ. ГЕРМОСЛОЯ,Линия производства гермослоя шин Пройдите по ссылке http://polgroup.ru/gs.html,http://polgroup.ru/gs.html
1065,1059,2,28,0,1,0000-00-00 00:00:00,"ЧЕРВ.УСТ-КА ДРОБЛЕНИЯ, ГРАНУЛИР.БРИКЕТОВ КАУЧУКА",Установка червячная для дробления и гранулирования брикетов каучука Пройдите по ссылке http://polgroup.ru/cherv.html,http://polgroup.ru/cherv.html
1066,1059,2,22,0,1,0000-00-00 00:00:00,РЕЗИНОСМЕСИТЕЛИ,Резиносмесители нашего производства Пройдите по ссылке http://polgroup.ru/rez_PG.html Резиносмесители Китай https://www.polgroup.ru/dispergsmes.html,http://polgroup.ru/rez_PG.html
1067,1059,2,24,0,1,0000-00-00 00:00:00,СМЕСИТЕЛИ С Z-ОБРАЗНЫМИ РОТОРАМИ,СМЕСИТЕЛИ С Z-ОБРАЗНЫМИ РОТОРАМИ типа Banbery Бэнбери Пройдите по ссылке http://polgroup.ru/crk3_5.html,http://polgroup.ru/crk3_5.html
1068,1059,2,33,0,1,0000-00-00 00:00:00,СТАНЦИИ ТЕРМОРЕГУЛИРОВАНИЯ,"СТАНЦИИ ТЕРМОРЕГУЛИРОВАНИЯ ДЛЯ ВАЛЬЦЕВ, ДЛЯ КАЛАНДРА, ДЛЯ ЭКСТРУДЕРА Пройдите по ссылке http://polgroup.ru/st_term.html",http://polgroup.ru/st_term.html
1070,1059,2,290,0,1,0000-00-00 00:00:00,ОБОРУД.  ДЛЯ  ПЕНОРЕЗИНЫ,Пройдите по ссылке http://polgroup.ru/pena.html,http://polgroup.ru/pena.html
1071,1059,2,282,0,1,0000-00-00 00:00:00,ОБОРУД. ДЛЯ ФТОРОПЛАСТА,Пройдите по ссылке http://www.polgroup.ru/ftor.html,http://www.polgroup.ru/ftor.html
1072,1059,2,295,0,1,0000-00-00 00:00:00,"ОБОРУД. ДЛЯ ПРОВОДОВ, КАБЕЛЯ","ОБОРУДОВАНИЕ ДЛЯ ПРОИЗВОДСТВА ПРОВОДОВ, КАБЕЛЯ Пройдите по ссылке http://www.polgroup.ru/kabizol.html",http://www.polgroup.ru/kabizol.html
1207,1075,3,10,0,1,0000-00-00 00:00:00,С НИТЯНОЙ ОПЛЕТКОЙ,Пройдите по ссылке http://polgroup.ru/nit_opl.html,http://polgroup.ru/nit_opl.html
1075,1059,2,260,0,1,0000-00-00 00:00:00,"ОБОРУД. ДЛЯ РУКАВОВ, ШЛАНГОВ","ОБОРУДОВАНИЕ ДЛЯ ПРОИЗВОДСТВА РЕЗИНОВЫХ РУКАВОВ, ШЛАНГОВ. Китай Пройдите по ссылке http://www.polgroup.ru/rvd_cn.html",http://www.polgroup.ru/rvd_cn.html
1076,1059,2,200,0,1,0000-00-00 00:00:00,ОБОРУД. ДЛЯ  ОБУВИ,Оборудование для производства обуви. Пройдите по ссылке http://www.polgroup.ru/galoshi.html,http://www.polgroup.ru/galoshi.html
1078,1059,2,300,0,1,0000-00-00 00:00:00,СНЯТИЕ ОБЛОЯ В ЖИДКОМ АЗОТЕ,"ОБОРУДОВАНИЕ ДЛЯ СНЯТИЕ ОБЛОЯ С ДЕТАЛЕЙ РТИ, ПЛАСТМАСС, АЛЮМИНИЯ И ДР. В ЖИДКОМ АЗОТЕ ( LIQUID NITROGEN) Пройдите по ссылке http://www.polgroup.ru/azot.html",http://www.polgroup.ru/azot.html
1079,1059,2,430,0,1,0000-00-00 00:00:00,ДРОБИЛКИ РЕЗИНЫ ПЛАСТМАСС,Пройдите по ссылке http://www.polgroup.ru/drob.html,http://www.polgroup.ru/drob.html
1210,1067,3,10,0,1,0000-00-00 00:00:00,С Z -ОБРАЗНЫМИ РОТОРАМИ,СМЕСИТЕЛЬ С Z -ОБРАЗНЫМИ РОТОРАМИ Пройдите по ссылке http://polgroup.ru/crk3_5.html,http://polgroup.ru/crk3_5.html
1086,1059,2,29,0,1,0000-00-00 00:00:00,Т А Б Л Е Т О Ч Н Ы Е  МАШИНЫ,ТАБЛЕТОЧНЫЕ МАШИНЫ Пройдите по ссылке http://polgroup.ru/Tabletki.html,http://polgroup.ru/Tabletki.html
1087,1059,2,36,0,1,0000-00-00 00:00:00,ПРОТЕКТОРНАЯ  ЛИНИЯ,Пройдите по ссылке http://polgroup.ru/prot.html,http://polgroup.ru/prot.html
1089,1059,2,35,0,1,0000-00-00 00:00:00,ДУПЛЕКСЫ и ТРИПЛЕКСЫ,ДУПЛЕСКЫ И ТРИПЛЕКСЫ Пройдите по ссылке http://polgroup.ru/pr_dypl.html,http://polgroup.ru/pr_dypl.html
1090,1059,2,20,0,1,0000-00-00 00:00:00,КАЛАНДРЫ,Каландры Пройдите по ссылке http://polgroup.ru/Kalandri.html,http://polgroup.ru/Kalandri.html
1091,1060,2,170,0,1,0000-00-00 00:00:00,ПЛАСТОМЕТР СЖИМАЮЩИЙ ДЛЯ РЕЗИНЫ ПСМ-2,ПЛАСТОМЕТР СЖИМАЮЩИЙ ДЛЯ РЕЗИНЫ ПСМ-2 Пройдите по ссылке http://www.polgroup.ru/plast.html,http://www.polgroup.ru/plast.html
1710,1688,3,7,0,1,0000-00-00 00:00:00,РИФАЙНЕР ВАЛЬЦЫ,"РИФАЙНЕР ВАЛЬЦЫ, РАФИНИРУЮЩИЕ ВАЛЬЦЫ. Китай http://www.polgroup.ru/refiner.html",http://www.polgroup.ru/refiner.html
1093,1060,2,180,0,1,0000-00-00 00:00:00,ПОВЕРХНОСТНОЕ НАТЯЖЕНИЕ Тенсиометр,ПРИБОР ДЛЯ ОПРЕДЕЛЕНИЯ ПОВЕРХНОСТНОГО НАТЯЖЕНИЯ СМЕСЕЙ (Тенсиометр типа дю Нуи) Пройдите по ссылке http://www.polgroup.ru/pov_nat.html,http://www.polgroup.ru/pov_nat.html
1094,1061,3,200,0,1,0000-00-00 00:00:00,ПД320 160/160,Вальцы для резины ПД320 160/160 Пройдите по ссылке: https://www.polgroup.ru/ tex_pd320.html,https://www.polgroup.ru/tex_pd320.html
1095,1061,3,300,0,1,0000-00-00 00:00:00,ПД630 315/315,"Вальцы ПД 630 315/315 инд. 221.665 Предназначены для повышения пластичности резиновых смесей и их подогрева. ТЕХНИЧЕСКИЕ ХАРАКТЕРИСТИКИ Диаметр рабочей части валков 315 мм Длина рабочей части валков 630 мм Длина рабочей части между стрелами 540 мм Окружная скорость валков , мин -1 переднего 16 ± 1 заднего 20 ± 1 Фрикция 1 : 1,25 Допускаемое распорное усилие на 1 см длины рабочей части валков , Н (кгс)….11000 (1100) Зазор между валками, регулируемый , 0,5…10 мм. Температура валков 25-150 о С Охлаждение валков - вода Обогрев валков - пар Установленная мощность кВт: электродвигателя привода валков 22……30,0 Эл.нагревателей валков – нет. Габаритные размеры , мм , не более длина 2400 , ширина 1450 , высота 1700 Шкафа управления высота 1000, ширина 600 , глубина 200 Масса Вальцов , кг , не более 4800 Масса шкафа управления, кг , не более 100 Прайс-лист Прайс-лист на запчасти Б/У ВАЛЬЦЫ Другие вальцы Другое оборудование Изготовитель-- ООО ""ПОЛИМЕРМАШ ГРУПП"" 197375 г.Санкт-Петербург директор Тел.факс (812) 304-38-96 Лаптев Вячеслав Анатольевич iplap@mail.ru www.polgroup.ru Адрес этой странички: www.polgroup.ru/tex_pd630.html",http://polgroup.ru/tex_pd630.html
1105,1060,2,345,0,1,0000-00-00 00:00:00,ПРЕСС ДЛЯ ВЫРУБКИ ОБРАЗЦОВ,"ПРЕСС ДЛЯ ВЫРУБКИ ОБРАЗЦОВ: РУЧНОЙ РЫЧАЖНЫЙ, ПНЕВМАТИЧЕСКИЙ, ГИДРАВЛИЧЕСКИЙ Пройдите по ссылке http://polgroup.ru/press.html",http://polgroup.ru/press.html
1106,1060,2,150,0,1,0000-00-00 00:00:00,ОПРЕДЕЛЕНИЕ ВОССТАНАВЛИВАЕМОСТИ РЕЗИНЫ,ПРИБОР ДЛЯ ОПРЕДЕЛЕНИЯ ВОССТАНАВЛИВАЕМОСТИ РЕЗИНЫ Пройдите по ссылке http://www.polgroup.ru/vost_rez.html,http://www.polgroup.ru/vost_rez.html
1107,1060,2,160,0,1,0000-00-00 00:00:00,ТЕМПЕРАТУРНЫЙ ПРЕДЕЛ ХРУПКОСТИ,"ПРИБОР ДЛЯ ОПРЕДЕЛЕНИЯ ТЕМПЕРАТУРНОГО ПРЕДЕЛА ХРУПКОСТИ РЕЗИНЫ, ПЛАСТМАСС Пройдите по ссылке http://www.polgroup.ru/t_xrypk.html",http://www.polgroup.ru/t_xrypk.html
1108,1060,2,140,0,1,0000-00-00 00:00:00,ОПРЕДЕЛЕНИЕ МОРОЗОСТОЙКОСТИ РЕЗИНЫ,ПРИБОР ДЛЯ ОПРЕДЕЛЕНИЯ МОРОЗОСТОЙКОСТИ РЕЗИНЫ Пройдите по ссылке http://www.polgroup.ru/moroz.html,http://www.polgroup.ru/moroz.html
1109,1060,2,105,0,1,0000-00-00 00:00:00,РАЗРЫВНЫЕ МАШИНЫ от 5 до 500 кг.,Пройдите по ссылке http://www.polgroup.ru/rmi.html,http://www.polgroup.ru/rmi.html
1356,1214,2,20,0,1,0000-00-00 00:00:00,Открыть в EXCEL 130 kb,,price_cn.xls
1503,1058,1,30,0,1,0000-00-00 00:00:00,Приборы Б/У,"Б/У , неликвиды, приборы для резины и пластмасс Пройдите по ссылке http://www.polgroup.ru/nelprib.html",http://www.polgroup.ru/nelprib.html
1336,1060,2,50,0,1,0000-00-00 00:00:00,РЕЗИНОСМЕСИТЕЛИ ЛАБОРАТОРНЫЕ,РЕЗИНОСМЕСИТЕЛИ ЛАБОРАТОРНЫЕ Пройдите по ссылке http://www.polgroup.ru/rez.html,http://www.polgroup.ru/rez.html
1337,1336,3,5,0,1,0000-00-00 00:00:00,"0,1 литра","РЕЗИНОСМЕСИТЕЛЬ МИКРОСМЕСИТЕЛЬ БРАБЕНДЕР 0,1 литра Пройдите по ссылке http://polgroup.ru/m_smes.html",http://polgroup.ru/m_smes.html
1212,1058,1,10,0,1,0000-00-00 00:00:00,Оборуд. КИТАЙ,Оборудование для резины и пластмасс поставляемое из Китая пройдите по ссылке http://www.polgroup.ru/1111_cn.html,http://www.polgroup.ru/1111_cn.html
1213,1058,1,20,0,1,0000-00-00 00:00:00,Приборы КИТАЙ,Приборы для резины и пластмасс поставляемые из Китая http://www.polgroup.ru/pribori_cn.html,http://www.polgroup.ru/pribori_cn.html
1194,1134,2,10,0,1,0000-00-00 00:00:00,В формате Word  93 Kb,,cena.doc
1195,1134,2,30,0,1,0000-00-00 00:00:00,Скачать в архиве  rar  14 Kb,,cena.rar
1182,1007,1,70,0,1,0000-00-00 00:00:00,Устав 1 лист,,
1138,1090,3,20,0,1,0000-00-00 00:00:00,2-х Валковые каландры,2-х Валковые каландры Пройдите по ссылке http://www.polgroup.ru/kal2.html,http://www.polgroup.ru/kal2.html
1139,1090,3,50,0,1,0000-00-00 00:00:00,3-х   Валковые каландры,3-х Валковые каландры Пройдите по ссылке http://www.polgroup.ru/kal3.html,http://www.polgroup.ru/kal3.html
1140,1090,3,70,0,1,0000-00-00 00:00:00,4-х   Валковые каландры,4-х Валковые каландры Пройдите по ссылке http://www.polgroup.ru/kal4.html,http://www.polgroup.ru/kal4.html
1141,1090,3,90,0,1,0000-00-00 00:00:00,5-ти Валковые каландры,5-ти Валковые каландры Пройдите по ссылке http://www.polgroup.ru/kal5.html,http://www.polgroup.ru/kal5.html
1143,1086,3,20,0,1,0000-00-00 00:00:00,Машина роторная МТ-3А  усилие 9 тн.,Пройдите по ссылке http://polgroup.ru/mt3a.html,http://polgroup.ru/mt3a.html
1144,1086,3,30,0,1,0000-00-00 00:00:00,Машина роторная МТР-16  усилие 16 тн.,Пройдите по ссылке http://polgroup.ru/mtr16.html,http://polgroup.ru/mtr16.html
1145,1086,3,40,0,1,0000-00-00 00:00:00,"Машина гидравлическая МТГ-63 ус.63,0 тн.",Пройдите по ссылке http://polgroup.ru/mtg63.html,http://polgroup.ru/mtg63.html
1715,1086,3,85,0,1,0000-00-00 00:00:00,Статья по таблетированию СТИРАЛЬНОГО ПОРОШКА,Статья по таблетированию стирального порошка Пройдите по ссылке http://www.polgroup.ru/stir.html,http://www.polgroup.ru/stir.html
1148,1086,3,80,0,1,0000-00-00 00:00:00,Статья по таблетированию СОЛИ,Оборудование для таблетирования соли Пройдите по ссылке http://www.polgroup.ru/sol.html,http://www.polgroup.ru/sol.html
1306,1213,2,40,0,1,0000-00-00 00:00:00,УПРУГОМЕР - ЭЛАСТОМЕР,Пройдите по ссылке http://www.polgroup.ru/elast.html,http://www.polgroup.ru/elast.html
1150,1086,3,90,0,1,0000-00-00 00:00:00,Линия для таблетирования,Пройдите по ссылке http://polgroup.ru/line_tab.html,http://polgroup.ru/line_tab.html
1151,1066,3,10,0,1,0000-00-00 00:00:00,"МИКРОСМЕСИТЕЛЬ ЛАБ. БРАБЕНДЕР 0,1 л. Россия.","МИКРОСМЕСИТЕЛЬ-БРАБЕНДЕР 0,1 литра Пройдите по ссылке http://www.polgroup.ru/m_smes.html",http://www.polgroup.ru/m_smes.html
1164,1061,3,260,0,1,0000-00-00 00:00:00,ЛБ320 160/160 Лабораторные,Лабораторные вальцы ЛБ320 160/160 Пройдите по ссылке http://www.polgroup.ru/tex_lb320.html,http://www.polgroup.ru/tex_lb320.html
1165,1061,3,270,0,1,0000-00-00 00:00:00,СМ350 150/150 по ISO,ВАЛЬЦЫ СМ350 150/150 изготавливаются по ISO Пройдите по ссылке: http://www.polgroup.ru/tex_cm350.html,http://www.polgroup.ru/tex_cm350.html
1166,1061,3,271,0,1,0000-00-00 00:00:00,СМ-ПД-350 150/150 (Две фрикции),ВАЛЬЦЫ СМ-ПД-350 150/150 с двумя переключающимися фрикциями Пройдите по ссылке http://polgroup.ru/tex_cmpd350.html,http://polgroup.ru/tex_cmpd350.html
1167,1061,3,262,0,1,0000-00-00 00:00:00,ЛБ350 150/150  лабораторные,Лабораторные вальцы ЛБ 350 150/150 Пройдите по ссылке http://polgroup.ru/tex_lb350.html,http://polgroup.ru/tex_lb350.html
1169,1061,3,310,0,1,0000-00-00 00:00:00,РФ630 315/315,ВАЛЬЦЫ РИФАЙНЕР РФ630 315/315 Пройдите по ссылке http://polgroup.ru/tex_rf630.html,http://polgroup.ru/tex_rf630.html
1766,1486,3,16,0,1,0000-00-00 00:00:00,БАРАБАННЫЙ ВУЛКАНИЗАТОР Б/У,Непрерывный барабанный вулканизатор Б/У. Бузулук. Buzuluk http://www.polgroup.ru/nel_drum_vulk.html,http://www.polgroup.ru/nel_drum_vulk.html
1767,1060,2,107,0,1,0000-00-00 00:00:00,"ИЗГИБ, МАШИНА ТОРРЕНСА","Испытание резины низа обуви на изгиб, МАШИНА ТОРРЕНСА Пройдите по ссылке http://polgroup.ru/izgib.html",http://polgroup.ru/izgib.html
1768,1254,3,42,0,1,0000-00-00 00:00:00,ПРЕСС ДЛЯ ЛИЗУНЦА,"Пресс для производства ""Лизунца"" http://www.polgroup.ru/lizyn.html",http://www.polgroup.ru/lizyn.html
1770,1271,3,120,0,1,0000-00-00 00:00:00,"ЛИНИИ ДЛЯ ПРОВОДОВ, КАБЕЛЕЙ","Экструдерные линии для производства провода, кабеля http://www.polgroup.ru/kabizol.html",http://www.polgroup.ru/kabizol.html
1365,1079,3,50,0,1,0000-00-00 00:00:00,"Фракция от 0,14 до 0,5 мм. Китай",Пройдите по ссылке http://polgroup.ru/micronizer.html,http://polgroup.ru/micronizer.html
1173,1060,2,350,0,1,0000-00-00 00:00:00,НОЖИ  ВЫРУБНЫЕ ШТАНЦЕВЫЕ ДЛЯ ОБРАЗЦОВ,Пройдите по ссылке http://www.polgroup.ru/noshi.html,http://www.polgroup.ru/noshi.html
1174,1060,2,400,0,1,0000-00-00 00:00:00,ПРЕСС-ФОРМЫ  ДЛЯ  ИСПЫТАТЕЛЬНЫХ  ОБРАЗЦОВ,Пройдите по ссылке http://www.polgroup.ru/noshi.html,http://www.polgroup.ru/noshi.html
1186,1061,3,400,0,1,0000-00-00 00:00:00,ХАРАКТЕРИСТИКИ ВСЕХ ВАЛЬЦОВ,ХАРАКТЕРИСТИКИ РЕЗИНООБРАБАТЫВАЮЩИХ ВАЛЬЦОВ ПРОИЗВОДСТВА С.ПЕТЕРБУРГ Пройдите по ссылке http://polgroup.ru/xar_val.html,http://polgroup.ru/xar_val.html
1187,1061,3,600,0,1,0000-00-00 00:00:00,РАСЧЕТ ПРОИЗВОДИТЕЛЬНОСТИ ВАЛЬЦОВ,Пройдите по ссылке http://polgroup.ru/proizv.html,http://polgroup.ru/proizv.html
1191,1133,2,20,0,1,0000-00-00 00:00:00,В формате Excel  116 Kb,,price_all.xls
1192,1133,2,30,0,1,0000-00-00 00:00:00,Скачать в архиве  rar 25 Kb,,price_all.rar
1193,1133,2,10,0,1,0000-00-00 00:00:00,В формате Internet 280 Kb,,price_all.html
1196,1134,2,5,0,1,0000-00-00 00:00:00,В формате Internet  85 Kb,,cena.html
1197,1135,2,5,0,1,0000-00-00 00:00:00,В формате Internet  90 Kb,,price_pf_no.html
1198,1135,2,10,0,1,0000-00-00 00:00:00,В формате Word  80 Kb,Пройдите по ссылке http://polgroup.ru/price_pf_no.doc,http://polgroup.ru/price_pf_no.doc
1199,1135,2,30,0,1,0000-00-00 00:00:00,Скачать в архиве  rar  12 Kb,,price_pf_no.rar
1200,1059,2,490,0,1,0000-00-00 00:00:00,Б\У ОБОРУДОВАНИЕ,Б\У ОБОРУДОВАНИЕ Пройдите по ссылке http://www.polgroup.ru/nel.html,http://www.polgroup.ru/nel.html
1203,1200,3,60,0,1,0000-00-00 00:00:00,ДРУГОЕ Б/У ОБОРУДОВАНИЕ,Б/У ОБОРУДОВАНИЕ http://www.polgroup.ru/nel.html,http://www.polgroup.ru/nel.html
1209,1067,3,20,0,1,0000-00-00 00:00:00,"С ВЫГРУЖНЫМ ШНЕКОМ СРКШ, ЗШ","СМЕСИТЕЛИ МЕШАЛКИ МЕСИЛКИ С Z- образными роторами и с ВЫГРУЖНЫМ ШНЕКОМ типа СРКШ, ЗШ Пройдите по ссылке http://polgroup.ru/mix_screw.html",http://polgroup.ru/mix_screw.html
1700,1565,3,70,0,1,0000-00-00 00:00:00,ДЛЯ ФТОРОПЛАСТА Б/У,Б/У РАМЭКСТРУДЕРЫ ДЛЯ ПРОИЗВОДСТВА ФТОРОПЛАСТОВЫХ СТЕРЖНЕЙ И ТРУБ Проийдите по ссылке http://www.polgroup.ru/nelftor.html,http://www.polgroup.ru/nelftor.html
1205,1079,3,10,0,1,0000-00-00 00:00:00,Фракция от 2 до 8 мм. Россия,Пройдите по ссылке http://www.polgroup.ru/drob.html,http://www.polgroup.ru/drob.html
1206,1079,3,20,0,1,0000-00-00 00:00:00,"Фракция от 0,3 до 1,5 мм.",Пройдите по ссылке http://www.polgroup.ru/tigr.html,http://www.polgroup.ru/tigr.html
1208,1075,3,20,0,1,0000-00-00 00:00:00,С МЕТ.НАВИВОЧНЫЙ,Пройдите по ссылке http://polgroup.ru/rvd.html,http://polgroup.ru/rvd.html
1281,1280,3,5,0,1,0000-00-00 00:00:00,"РС КЛАСИКА, С РОТОРАМИ ТАНГЕНЦИАЛЬНОГО ТИПА","РЕЗИНОСМЕСИТЕЛИ с тангенциальными роторами типа Banbery. КИТАЙ, ТАЙВАНЬ Пройдите по ссылке http://www.polgroup.ru/tangenzsmes.html",http://www.polgroup.ru/tangenzsmes.html
1280,1212,2,60,0,1,0000-00-00 00:00:00,РЕЗИНОСМЕСИТЕЛИ,РЕЗИНОСМЕСИТЕЛИ Китай Пройдите по ссылке http://polgroup.ru/1111_cn.html,http://polgroup.ru/1111_cn.html
1296,1293,3,10,0,1,0000-00-00 00:00:00,ПОДОГРЕВАТ. ПД-320 160/160,ВАЛЬЦЫ РЕЗИНООБРАБАТЫВАЮЩИЕ ПОДОГРЕВАТЕЛЬНЫЕ ПД-320 160/160 Пройдите по ссылке http://www.polgroup.ru/tex_pd320.html,http://www.polgroup.ru/tex_pd320.html
1295,1293,3,40,0,1,0000-00-00 00:00:00,ЛАБОРАТОРНЫЕ ЛБ-350 150/150,Пройдите по ссылке http://www.polgroup.ru/tex_lb350.html,http://www.polgroup.ru/tex_lb350.html
1294,1293,3,30,0,1,0000-00-00 00:00:00,СМЕСИТ. СМ-350 150/150 ISO,ВАЛЬЦЫ ДЛЯ РЕЗИНЫ СМЕСИТЕЛЬНЫЕ СМ-350 150/150 выпускаемые по ISO Пройдите по ссылке http://www.polgroup.ru/tex_cm350.html,http://www.polgroup.ru/tex_cm350.html
1771,1213,2,12,0,1,0000-00-00 00:00:00,ЭЛЕКТРОМАГНИТНАЯ РЕЗОНАНСНАЯ МАШИНА,ЭЛЕКТРОМАГНИТНАЯ РЕЗОНАНСНАЯ МАШИНА Пройдите по ссылке http://www.polgroup.ru/rezonans.html,http://www.polgroup.ru/rezonans.html
1253,1212,2,135,0,1,0000-00-00 00:00:00,"ДУПЛЕКСЫ, ТРИПЛЕКСЫ ДЛЯ ШИН","ДУПЛЕКСЫ , ТРИПЛЕКСЫ ДЛЯ РЕЗИНЫ ДЛЯ ПРОИЗВОДСТВА ПРОТЕКТОРА В ШИННОМ ПРОИЗВОДСТВЕ Пройдите по ссылке http://www.polgroup.ru/duplex_cn.html",http://www.polgroup.ru/duplex_cn.html
1254,1212,2,55,0,1,0000-00-00 00:00:00,ПРЕССЫ,Прессы Китай https://www.polgroup.ru/presses.html Прессы вулканизационные для резины. Китай Пройдите по ссылке http://www.polgroup.ru/vulkanpres.html,https://www.polgroup.ru/presses.html
1293,1060,2,9,0,1,0000-00-00 00:00:00,ВАЛЬЦЫ ЛАБОРАТОРНЫЕ,Пройдите по ссылке http://www.polgroup.ru/valc.html,http://www.polgroup.ru/valc.html
1831,1271,3,40,0,1,0000-00-00 00:00:00,ДЛЯ ПЛЕНКИ,Пройдите по ссылке http://www.polgroup.ru/extr_film.html,http://www.polgroup.ru/extr_film.html
1262,1212,2,140,0,1,0000-00-00 00:00:00,"ПРОТЕКТОРНАЯ ЛИНИЯ, ХОЛОДИЛКА","ПРОТЕКТОРНАЯ ЛИНИЯ, ХОЛОДИЛЬНАЯ УСТАНОВКА Пройдите по ссылке http://www.polgroup.ru/holod_cn.html",http://www.polgroup.ru/holod_cn.html
1729,1067,3,5,0,1,0000-00-00 00:00:00,"МИКРОСМЕСИТЕЛЬ на 0,1 литра","МИКРОСМЕСИТЕЛЬ на 0,1 литра Пройдите по ссылке http://polgroup.ru/m_smes.html",http://polgroup.ru/m_smes.html
1795,1793,4,100,0,1,0000-00-00 00:00:00,СТРЕЙНЕР,СТРЕЙНЕР ДЛЯ РЕЗИНЫ Пройдите по ссылке http://www.polgroup.ru/strener.html,http://www.polgroup.ru/strener.html
1264,1212,2,100,0,1,0000-00-00 00:00:00,"ТАБЛЕТ. МАШИНЫ, ТАБЛЕТПРЕСС",ТАБЛЕТОЧНЫЕ МАШИНЫ. Китай Пройдите по ссылке http://www.polgroup.ru/tablet_cn.html,http://www.polgroup.ru/tablet_cn.html
1265,0,0,60,0,1,0000-00-00 00:00:00,Местоположение,"Местоположение ООО ""Полимермаш Групп"" на карте С.Петербурга Пройдите по ссылке http://www.polgroup.ru/karta.php",http://www.polgroup.ru/karta.php
1267,1212,2,15,0,1,0000-00-00 00:00:00,КАЛАНДРЫ,КАЛАНДРЫ. Китай Пройдите по ссылке http://www.polgroup.ru/kalandri_cn.html,http://www.polgroup.ru/kalandri_cn.html
1268,1267,3,10,0,1,0000-00-00 00:00:00,КАЛАНДРЫ 2-х ВАЛКОВЫЕ ДЛЯ РЕЗИНЫ И ПЛАСТМАСС,КАЛАНДРЫ 2-х ВАЛКОВЫЕ ДЛЯ РЕЗИНЫ И ПЛАСТМАСС. Китай. Пройдите по ссылке http://www.polgroup.ru/kal2_cn.html,http://www.polgroup.ru/kal2_cn.html
1269,1267,3,20,0,1,0000-00-00 00:00:00,КАЛАНДРЫ 3-х ВАЛКОВЫЕ ДЛЯ РЕЗИНЫ И ПЛАСТМАСС,КАЛАНДРЫ 3-х ВАЛКОВЫЕ ДЛЯ РЕЗИНЫ И ПЛАСТМАСС Пройдите по ссылке http://polgroup.ru/kal3_cn.html,http://polgroup.ru/kal3_cn.html
1270,1267,3,30,0,1,0000-00-00 00:00:00,КАЛАНДРЫ 4-х ВАЛКОВЫЕ ДЛЯ РЕЗИНЫ И ПЛАСТМАСС,КАЛАНДРЫ 4-х ВАЛКОВЫЕ ДЛЯ РЕЗИНЫ И ПЛАСТМАСС. Китай. Пройдите по ссылке http://polgroup.ru/kal4_cn.html,http://polgroup.ru/kal4_cn.html
1805,1803,4,200,0,1,0000-00-00 00:00:00,ДВУХШНЕКОВЫЕ,ДВУХШНЕКОВЫЕ ЭКСТРУДЕРЫ КИТАЙ ЭКСТРУДЕР ДЛЯ ПЛАСТМАСС С КОНИЧЕСКИМИ ЗАЦЕПЛЯЮЩИМИСЯ ШНЕКАМИ ТИПА ИНТЕРМИКС И С ПАРАЛЛЕЛЬНЫМИ ШНЕКАМИ Пройдите по ссылке http://www.polgroup.ru/ekstr_kon.html,http://www.polgroup.ru/ekstr_kon.html
1810,1061,3,325,0,1,0000-00-00 00:00:00,Пд800 315/315,Вальцы для резины ПД800 315/315 www.polgroup.ru/tex_pd800.html,http://www.polgroup.ru/tex_pd800.html
1811,1453,3,0,0,1,0000-00-00 00:00:00,ВУЛКАНИЗАЦИОННЫЕ ПРЕССЫ. Россия.,Прессы вулканизационные выпускаемые http://polgroup.ru/press_spb.html,http://polgroup.ru/press_spb.html
1812,1066,3,20,0,1,0000-00-00 00:00:00,"РЕЗИНОСМЕСИТЕЛЬ 1,2 л., 1,5 л. 2,0 л. Россия.","Резиносмеситель периодического действия с нижней выгрузкой на 1,2 или 1,5 или 2,0 литра . и нд. 211.871 Нашего производства http://polgroup.ru/1_2litra.html",http://polgroup.ru/1_2litra.html
1813,1066,3,30,0,1,0000-00-00 00:00:00,"РЕЗИНОСМЕСИТЕЛЬ 4,5 литра. Россия.","Резиносмеситель периодического действия с нижней выгрузкой на 4,5 литра Нашего производства. www.polgroup.ru/45litra.html",http://www.polgroup.ru/45litra.html
1297,1293,3,20,0,1,0000-00-00 00:00:00,ЭЛ.НАГРЕВ ПД 320 160/160Э,ВАЛЬЦЫ ДЛЯ ПЛАСТМАСС С ЭЛЕКТРОПОДОГРЕВОМ ПД 320 160/160 Э Пройдите по ссылке http://www.polgroup.ru/tex_pd320E.html,http://www.polgroup.ru/tex_pd320E.html
1311,1213,2,25,0,1,0000-00-00 00:00:00,ВИСКОЗИМЕТР ПО МУНИ,Пройдите по ссылке http://www.polgroup.ru/mooney.html,http://www.polgroup.ru/mooney.html
1312,1213,2,27,0,1,0000-00-00 00:00:00,РЕОМЕТР,Пройдите по ссылке http://www.polgroup.ru/rheometer.html,http://www.polgroup.ru/rheometer.html
1331,1213,2,270,0,1,0000-00-00 00:00:00,"ПРЕССЫ ВЫРУБНЫЕ, ЛАЗЕРЫ ВЫРЕЗНЫЕ","Прессы вырубные и лазерные вырезные машины, лазеры. Китай Пройдите по ссылке http://www.polgroup.ru/viryb_cn.html",http://www.polgroup.ru/viryb_cn.html
1317,1213,2,220,0,1,0000-00-00 00:00:00,ОБРЕЗАТЕЛЬ ОБЛОЯ САЛЬНИКА АВТОМАТИЧЕСКИЙ,АВТОМАТИЧЕСКОЕ УСТРОЙСТВО ОБРЕЗАНИЯ ОБЛОЯ САЛЬНИКА. Китай http://www.polgroup.ru/saln.html,http://www.polgroup.ru/saln.html
1318,1213,2,14,0,1,0000-00-00 00:00:00,СЖИМАЮЩИЕ МАШИНЫ,Приборы для испытания на сжатие. Пройдите по ссылке http://www.polgroup.ru/sjatkay.html,http://www.polgroup.ru/sjatkay.html
1735,1086,3,110,0,1,0000-00-00 00:00:00,Таблеточные машины Индия,Таблеточные машины поставляемые из Индии http://www.polgroup.ru/tablet_ind.html,http://www.polgroup.ru/tablet_ind.html
1355,1214,2,50,0,1,0000-00-00 00:00:00,Скачать в архиве RAR 20 kb,,price_cn.rar
1322,1213,2,16,0,1,0000-00-00 00:00:00,ИСПЫТАТЕЛЬ УДАРОПРОЧНОСТИ ПЛАСТМАСС ПРИ ПАДАЮЩЕМ ГРУЗЕ,"ИСПЫТАТЕЛЬ УДАРОПРОЧНОСТИ ПРИ ВОЗДЕЙСТВИИ ПАДАЮЩЕГО ГРУЗА. Китай. Испытатель воздействия падающим грузом предназначен для испытания пластичности (тягучести), ударопрочности различных пластмасс Пройдите по ссылке http://www.polgroup.ru/drop.html",http://www.polgroup.ru/drop.html
1323,1213,2,17,0,1,0000-00-00 00:00:00,ПЛАСТОМЕТР СЖИМАЮЩИЙ ДЛЯ РЕЗИНЫ В ТЕРМОСТАТЕ,ПЛАСТОМЕТР СЖИМАЮЩИЙ ДЛЯ РЕЗИНЫ В ТЕРМОСТАТЕ. Китай Пройдите по ссылке http://www.polgroup.ru/plast.html,http://www.polgroup.ru/plast.html
1325,1213,2,210,0,1,0000-00-00 00:00:00,ИСПЫТАТЕЛЬ ХРУПКОСТИ РЕЗИНЫ НИЗКОЙ ТЕМПЕРАТУРОЙ,Пройдите по ссылке http://www.polgroup.ru/yiazv.html,http://www.polgroup.ru/yiazv.html
1653,1213,2,29,0,1,0000-00-00 00:00:00,ТЕНСИОМЕТР. ПОВЕРХНОСТНОЕ НАПРЯЖЕНИЕ СМЕСЕЙ,"ТЕНСИОМЕТР ДЕ НУИ. ПРИБОР ДЛЯ ОПРЕЛЕЛЕНИЯ ПОВЕРХНОСТНОГО НАПРЯЖЕНИЯ СМЕСЕЙ. (Иногда пишут тензиометр, тэнсиометр, тэнзиометр) http://www.polgroup.ru/pov_nat.html",http://www.polgroup.ru/pov_nat.html
1697,1229,3,8,0,1,0000-00-00 00:00:00,"ДРОБИЛЬНЫЕ, РАЗМАЛЫВАЮЩИЕ","ДРОБИЛЬНЫЕ, РАЗМАЛЫВАЮЩИЕ ВАЛЬЦЫ. Китай. http://www.polgroup.ru/drob_valc.html",http://www.polgroup.ru/drob_valc.html
1328,1213,2,205,0,1,0000-00-00 00:00:00,"МАШИНА НА ИСПЫТАНИЕ РЕЗИН НА РАСТЯЖЕНИЕ, ИЗГИБ, УСТАЛОСТЬ","МАШИНА НА ИСПЫТАНИЕ РЕЗИН НА РАСТЯЖЕНИЕ, ИЗГИБ, УСТАЛОСТЬ. Китай. Пройдите по ссылке http://www.polgroup.ru/mrs2_cn.html МАШИНА НА ИСПЫТАНИЕ РЕЗИН НА РАСТЯЖЕНИЕ, ИЗГИБ, УСТАЛОСТЬ. Россия. Своё производство. Пройдите по ссылке http://www.polgroup.ru/mrs2.html",http://www.polgroup.ru/mrs2_cn.html
1435,1212,2,500,0,1,0000-00-00 00:00:00,"СБОР.БАЛАНСИР.СТАНКИ, БАРАБАНЫ","СБОРОЧНЫЕ МАШИНЫ ШИН, БАРАБАНЫ, БАЛАНСИРОВОЧНЫЕ СТАНКИ ДЛЯ ШИН . Китай Пройдите по ссылке http://www.polgroup.ru/sb_st.html",http://www.polgroup.ru/sb_st.html
1699,1486,3,17,0,1,0000-00-00 00:00:00,ФОРМАТОРЫ ВУЛКАНИЗАТОРЫ Б/У,ФОРМАТОРЫ ВУЛКАНИЗАТОРЫ Б/У Пройдите по ссылке http://www.polgroup.ru/nelformator.html,http://www.polgroup.ru/nelformator.html
1491,1254,3,10,0,1,0000-00-00 00:00:00,ВУЛКАНИЗАЦИОННЫЕ БЕЗ ВАК.,ВУЛКАНИЗАЦИОННЫЕ ПРЕССЫ. Китай Пройдите по ссылке http://www.polgroup.ru/vulkanpres.html,http://www.polgroup.ru/vulkanpres.html
1492,1254,3,20,0,1,0000-00-00 00:00:00,ЛИТЬЕВЫЕ ИНЖЕКЦИОННЫЕ,ЛИТЬЕВЫЕ ИНЖЕКЦИОННЫЕ ПРЕССЫ Пройдите по ссылке http://www.polgroup.ru/injpress.html,http://www.polgroup.ru/injpress.html
1493,1254,3,30,0,1,0000-00-00 00:00:00,ПРЕДФОРМОВАТЕЛЬ-ПРЕФОРМЕР,Пройдите по ссылке http://www.polgroup.ru/barwell.html,http://www.polgroup.ru/barwell.html
1579,1007,1,75,0,1,0000-00-00 00:00:00,Свидетельство о внесении в ЕГРЮЛ,,
1436,1061,3,455,0,1,0000-00-00 00:00:00,ВАЛЬЦЫ КИТАЙ,"Вальцы смесительные, подогревательные. Китай Пройдите по ссылке http://www.polgroup.ru/mill_cn.html",http://www.polgroup.ru/mill_cn.html
1437,1061,3,274,0,1,0000-00-00 00:00:00,СМ350 150/150Э эл.нагрев Китай,ВАЛЬЦЫ СМЕСИТЕЛЬНЫЕ СМ350 150/150Э с электронагревом. Китай Пройдите по ссылке http://www.polgroup.ru/cm350e_cn.html,http://www.polgroup.ru/cm350e_cn.html
1438,1061,3,276,0,1,0000-00-00 00:00:00,ЛБ350 150/150 ISO Китай,Вальцы лабораторные ЛБ 350 150/150 по ИСО. Китай Пройдите по ссылке http://www.polgroup.ru/lb350_cn.html,http://www.polgroup.ru/lb350_cn.html
1830,1333,3,30,0,1,0000-00-00 00:00:00,С ОПЛЁТКОЙ СТЕКЛОНИТЬЮ,Пройдите по ссылке http://www.polgroup.ru/glass_opl.html,http://www.polgroup.ru/glass_opl.html
1479,1067,3,50,0,1,0000-00-00 00:00:00,Б/У СМЕСИТЕЛИ,"Б/У СМЕСИТЕЛИ ЗЛ,СРК,ЗШ,СМ,РС,СГУ,СРК,СРКШ Пройдите по ссылке http://www.polgroup.ru/nelsmes.html",http://www.polgroup.ru/nelsmes.html
1448,1271,3,15,0,1,0000-00-00 00:00:00,ДЛЯ СИЛИКОНА,ЭКСТРУДЕР И СТРЕЙНЕР ДЛЯ СИЛИКОНА . Китай Пройдите по ссылке http://www.polgroup.ru/silicon.html,http://www.polgroup.ru/silicon.html
1449,1061,3,275,0,1,0000-00-00 00:00:00,СМ350 150/150. Китай,ВАЛЬЦЫ СМ350 150/150. Китай Пройдите по ссылке http://www.polgroup.ru/valc_cn.html,http://www.polgroup.ru/valc_cn.html
1450,1086,3,100,0,1,0000-00-00 00:00:00,Таблеточные машины Китай.,Пройдите по ссылке http://www.polgroup.ru/tablet_cn.html,http://www.polgroup.ru/tablet_cn.html
1478,1061,3,700,0,1,0000-00-00 00:00:00,Б/У ВАЛЬЦЫ В РОССИИ,Пройдите по ссылке http://www.polgroup.ru/nel.html,http://www.polgroup.ru/nelvalc.html
1451,1271,3,114,0,1,0000-00-00 00:00:00,ЛИНИИ ДЛЯ ДЕРЕВОПЛАСТИКА,ЭКСТРУЗИОННАЯ ЛИНИЯ ДЛЯ ПРОИЗВОДСТВА ПРОФИЛЯ С ОПИЛКАМИ - ДЕРЕВОПЛАСТИК. Китай Пройдите по ссылке http://www.polgroup.ru/woodekstr.html,http://www.polgroup.ru/woodekstr.html
1453,1059,2,31,0,1,0000-00-00 00:00:00,П Р Е С С Ы,"Пройдите по ссылке Прессы Китай http://www.polgroup.ru/vulkanpres.html Б/У Прессы http://www.polgroup.ru/nelpress.html Прессы вырубные http://www.polgroup.ru/press.html Пресса , пресс-формы . пресса, пресс, пресс, пресса, прессы, пресса, прессы, вулканизационный пресс, пресс вулканизационный, вулканизационные гидравлические пресса, пресс вулканизационный 250, продажа вулканизационных прессов, пресс вулканизационный гидравлический 250 600, вулканизационный пресс пв 150, оборудование для рти, пресс резина, пресс вулканизации резины, гидравлический пресс, пресс 600х600, 250-600-2Э, 250-600-4Э, ябир, пресс 100-400-2Э, 400х400, размеры плит 400х400, размеры плит 600х600, усилие пресса 100 тонн, усилие пресса 250 тн., 432.242., Кострома, завод им. Красина, инжекционный пресс, инжекторный пресс, инжпресс, Gold Hawk, Pan Stone, press, vulcanizing, multi plate, lab press, лабораторный пресс, четырёхколонный пресс, плунжерный пресс, molding machine, multi layer, compression molding machine, вакуумный вулканизационный пресс, перезарядчик, пресс-форма, пресформы, пресс- формы, прес-формы, пресс формы, формы к ТПА, пресс-формы к термопластавтоматам, пресс-формы к вулканизационным прессам, п/ф, формы к форматорам – вулканизаторам, форматор – вулканизатор, пресса Тайвань, пресс-формы, формы для шин, прессформы для шин, прессформа, press, mold, tyre shaping and curing press, hydraulic press, hydraulic press type curing press, барабан для сборочных станков, mold cavity, two piece mold, capsule mold, conical segvented mold, конические сегментные пресс-формы для производства шин, angular segmented mold",http://www.polgroup.ru/nelpress.html
1454,1200,3,30,0,1,0000-00-00 00:00:00,ПРЕССЫ Б/У,ПРЕССЫ Б/У Пройдите по ссылке http://www.polgroup.ru/nelpress.html,http://www.polgroup.ru/nelpress.html
1499,1454,4,10,0,1,0000-00-00 00:00:00,ВУЛКАНИЗАЦИОННЫЕ,,http://www.polgroup.ru/nelpress.html
1455,1200,3,35,0,1,0000-00-00 00:00:00,ТАБЛЕТ. МАШИНА МТ-3А,Б/У ТАБЛЕТОЧНАЯ МАШИНА МТ-3А Пройдите по ссылке http://www.polgroup.ru/nelmt3a.html,http://www.polgroup.ru/nelmt3a.html
1457,1200,3,50,0,1,0000-00-00 00:00:00,ПРИБОРЫ Б/У,ПРИБОРЫ Б/У Пройдите по ссылке http://www.polgroup.ru/nelprib.html,http://www.polgroup.ru/nelprib.html
1458,1229,3,5,0,1,0000-00-00 00:00:00,"СМЕСИТЕЛЬНЫЕ, ПОДОГРЕВАТЕЛЬНЫЕ, ЛАБОРАТОРНЫЕ","ВАЛЬЦЫ резинообрабатывающие лабораторные, смесительные, подогревательные, поставляемые под заказ из Китая. Пройдите по ссылке http://www.polgroup.ru/valc_cn.html Поставщик ООО ""Полимермаш Групп""",http://www.polgroup.ru/valc_cn.html
1758,1688,3,70,0,1,0000-00-00 00:00:00,НАРЕЗКА РЕЗИНОВЫХ ПРОКЛАДОК ИЗ ТРУБ,Станок для нарезки резиновых прокладок из резиновых труб http://www.polgroup.ru/gasket.html,http://www.polgroup.ru/gasket.html
1477,1058,1,12,0,1,0000-00-00 00:00:00,Оборуд. Б/У,Перечень неликвидного б/у оборудования Пройдите по ссылке http://www.polgroup.ru/nel.html,http://www.polgroup.ru/nel.html
1480,1090,3,100,0,1,0000-00-00 00:00:00,Б/У Каландры,Б/У Каландры Пройдите по ссылке http://www.polgroup.ru/nel.html,http://www.polgroup.ru/nelkal.html
1482,1200,3,10,0,1,0000-00-00 00:00:00,ВАЛЬЦЫ Б/У,ВАЛЬЦЫ Б/У Пройдите по ссылке http://www.polgroup.ru/nelvalc.html,http://www.polgroup.ru/nelvalc.html
1483,1200,3,20,0,1,0000-00-00 00:00:00,КАЛАНДРЫ Б/У,КАЛАНДРЫ Б/У Проидите по ссылке http://www.polgroup.ru/nelkal.html,http://www.polgroup.ru/nelkal.html
1484,1477,2,10,0,1,0000-00-00 00:00:00,ВАЛЬЦЫ Б/У,ВАЛЬЦЫ Б/У Пройдите по ссылке http://www.polgroup.ru/nelvalc.html,http://www.polgroup.ru/nelvalc.html
1485,1477,2,12,0,1,0000-00-00 00:00:00,КАЛАНДРЫ Б/У,Каландры Б/У Пройдите по ссылке http://polgroup.ru/nelkal.html,http://polgroup.ru/nelkal.html
1486,1477,2,14,0,1,0000-00-00 00:00:00,ПРЕССЫ Б/У,ПРЕССЫ ВУЛКАНИЗАЦИОННЫЕ Б/У Пройдите по ссылке http://polgroup.ru/press_by.html,http://polgroup.ru/press_by.html
1567,1477,2,28,0,1,0000-00-00 00:00:00,"ГИЛЬОТИНА, МЕЛЬНИЦА, ДРОБИЛКА, НОЖ Б/У","МЕЛЬНИЦА , ДРОБИЛКА, ИЗМЕЛЬЧИТЕЛЬ РЕЗИНЫ, НОЖ ПЛАСТИНЧАТЫЙ, ГИЛЬОТИНА Б/У Пройдите по ссылке http://www.polgroup.ru/nelmelnica.html",http://www.polgroup.ru/nelmelnica.html
1488,1477,2,50,0,1,0000-00-00 00:00:00,ПРИБОРЫ и ЛАБ.ОБОРУД. Б/У,Пройдите по ссылке http://www.polgroup.ru/nelprib.html,http://www.polgroup.ru/nelprib.html
1489,1477,2,27,0,1,0000-00-00 00:00:00,ТАБЛЕТОЧНЫЕ МАШИНЫ Б/У,ТАБЛЕТОЧНЫЕ МАШИНЫ Б/У Пройдите по ссылке http://www.polgroup.ru/nelmt3a.html,http://www.polgroup.ru/nelmt3a.html
1530,1333,3,10,0,1,0000-00-00 00:00:00,С НИТЯНОЙ ОПЛЁТКОЙ,Пройдите по ссылке http://www.polgroup.ru/nit_opl.html,http://www.polgroup.ru/nit_opl.html
1495,1200,3,37,0,1,0000-00-00 00:00:00,"СМЕСИТЕЛИ, РЕЗИНОСМЕСИТЕЛИ Б/У","СМЕСИТЕЛИ, РЕЗИНОСМЕСИТЕЛИ Б/У Пройдите по ссылке http://www.polgroup.ru/nelsmes.html",http://www.polgroup.ru/nelsmes.html
1496,1477,2,24,0,1,0000-00-00 00:00:00,СМЕСИТЕЛИ Б/У,СМЕСИТЕЛИ Б/У Пройдите по ссылке http://www.polgroup.ru/nelsmes.html,http://www.polgroup.ru/nelsmes.html
1501,1486,3,10,0,1,0000-00-00 00:00:00,ВУЛКАНИЗАЦИОННЫЕ ДЛЯ РЕЗИНЫ Б/У,ПРЕССЫ ВУЛКАНИЗАЦИОННЫЕ ДЛЯ РЕЗИНЫ Б/У Пройдите по ссылке http://polgroup.ru/nelpress.html,http://polgroup.ru/nelpress.html
1497,1477,2,38,0,1,0000-00-00 00:00:00,ОБОРУД. ДЛЯ ПЕРЕРАБОТКИ ШИН Б/У,Пройдите по ссылке http://www.polgroup.ru/nelshin.html,http://www.polgroup.ru/nelshin.html
1498,1200,3,38,0,1,0000-00-00 00:00:00,ПЕРЕРАБОТКА ШИН Б/У,ПЕРЕРАБОТКА ШИН Б/У Пройдите по ссылке http://www.polgroup.ru/nelshin.html,http://www.polgroup.ru/nelshin.html
1500,1454,4,20,0,1,0000-00-00 00:00:00,ВЫРУБНЫЕ,,http://www.polgroup.ru/viryb.html
1502,1486,3,20,0,1,0000-00-00 00:00:00,"ВЫРУБНЫЕ ДЛЯ КОЖ,РЕЗИН,ПЛАСТМАСС Б/У","Б/У ПРЕССЫ ВЫРУБНЫЕ ДЛЯ КОЖ, РЕЗИН, ПЛАСТМАСС Пройдите по ссылке http://www.polgroup.ru/viryb.html",http://www.polgroup.ru/viryb.html
1505,1075,3,30,0,1,0000-00-00 00:00:00,ОПЛЕТОЧНЫЕ КИТАЙ,Пройдите по ссылке http://polgroup.ru/oplet_cn.html,http://polgroup.ru/oplet_cn.html
1535,1505,4,60,0,1,0000-00-00 00:00:00,НАВИВОЧНЫЕ,Пройдите по ссылке http://www.polgroup.ru/nav_cn.html,http://www.polgroup.ru/nav_cn.html
1507,1065,3,10,0,1,0000-00-00 00:00:00,ГРАНУЛЯТОР КАУЧУКА D=20мм. L=20мм.,УСТАНОВКА ЧЕРВЯЧНАЯ ДЛЯ ГРАНУЛИРОВАНИЯ БРИКЕТОВ КАУЧУКА D=20мм. L=20мм. Пройдите по ссылке http://polgroup.ru/cherv.html,http://polgroup.ru/cherv.html
1508,1067,3,30,0,1,0000-00-00 00:00:00,ЛОПАСТНЫЕ ГОРИЗОНТАЛЬНЫЕ,Пройдите по ссылке http://www.polgroup.ru/smes_lop.html,http://www.polgroup.ru/smes_lop.html
1510,1076,3,10,0,1,0000-00-00 00:00:00,ОБОРУДОВАНИЕ ДЛЯ ГАЛОШ,Пройдите по ссылке http://www.polgroup.ru/galoshi.html,http://www.polgroup.ru/galoshi.html
1511,1076,3,20,0,1,0000-00-00 00:00:00,КОЛОДКИ АЛЮМИНИЕВЫЕ,Пройдите по ссылке http://www.polgroup.ru/kolodki.html,http://www.polgroup.ru/kolodki.html
1512,1076,3,15,0,1,0000-00-00 00:00:00,ПОДОШВОРЕЗАТЕЛЬНАЯ МАШИНА,Пройдите по ссылке http://polgroup.ru/podoshva.html,http://polgroup.ru/podoshva.html
1513,1076,3,50,0,1,0000-00-00 00:00:00,КАЛАНДР ОБУВНОЙ 5-ти ВАЛКОВЫЙ,Пройдите по ссылке http://www.polgroup.ru/kal5.html,http://www.polgroup.ru/kal5.html
1514,1079,3,70,0,1,0000-00-00 00:00:00,Брикетов каучука,Пройдите по ссылке http://www.polgroup.ru/cherv.html,http://www.polgroup.ru/cherv.html
1515,1079,3,90,0,1,0000-00-00 00:00:00,Линии гранулирования Китай,Пройдите по ссылке http://www.polgroup.ru/line_gran.html,http://www.polgroup.ru/line_gran.html
1713,1688,3,22,0,1,0000-00-00 00:00:00,ШРЕДДЕР ДЛЯ РЕЗИНЫ (ШИН),"Шредер, шреддер для резины, для измельчения шин. Китай. http://www.polgroup.ru/shredder.html",http://www.polgroup.ru/shredder.html
1517,1212,2,80,0,1,0000-00-00 00:00:00,"АВТОКЛАВ, ДЕВУЛКАНИЗАТОР","АВТОКЛАВ, ДЕВУЛКАНИЗАТОР, ДЕСУЛЬФОРИЗАТОР, ПАРОГЕНЕНЕРАТОР. КИТАЙ Пройдите по ссылке http://www.polgroup.ru/autoclave_cn.html",http://www.polgroup.ru/autoclave_cn.html
1519,1086,3,120,0,1,0000-00-00 00:00:00,Б/У Таблеточные машины,Пройдите по ссылке http://www.polgroup.ru/nelmt3a.html,http://www.polgroup.ru/nelmt3a.html
1520,1086,3,25,0,1,0000-00-00 00:00:00,_____Запчасти к МТ-3А,Прайс-лист на запчасти к таблеточной роторной машине МТ-3А Пройдите по ссылке http://www.polgroup.ru/price_zchmt3a.html,http://www.polgroup.ru/price_zchmt3a.html
1521,1066,3,90,0,1,0000-00-00 00:00:00,Б/У РЕЗИНОСМЕСИТЕЛИ,Пройдите по ссылке http://www.polgroup.ru/nelsmes.html,http://www.polgroup.ru/nelsmes.html
1522,1283,3,70,0,1,0000-00-00 00:00:00,Б/У СМЕСИТЕЛИ В РОССИИ,Пройдите по ссылке http://www.polgroup.ru/nelsmes.html,http://www.polgroup.ru/nelsmes.html
1523,1280,3,50,0,1,0000-00-00 00:00:00,Б/У РЕЗИНОСМЕСИТЕЛИ,Б/У РЕЗИНОСМЕСИТЕЛИ Пройдите по ссылке http://www.polgroup.ru/nelsmes.html,http://www.polgroup.ru/nelsmes.html
1524,1229,3,50,0,1,0000-00-00 00:00:00,Б/У ВАЛЬЦЫ В РОССИИ,Б/У ВАЛЬЦЫ В РОССИИ Пройдите по ссылке http://www.polgroup.ru/nelvalc.html,http://www.polgroup.ru/nelvalc.html
1549,1453,3,115,0,1,0000-00-00 00:00:00,Б/У  ПРЕССЫ,Б/У ПРЕССЫ ПРОЙДИТЕ ПО ССЫЛКЕ http://www.polgroup.ru/nelpress.html,http://www.polgroup.ru/nelpress.html
1525,1267,3,50,0,1,0000-00-00 00:00:00,Б/У КАЛАНДРЫ В РОССИИ,Пройдите по ссылке http://www.polgroup.ru/nelkal.html,http://www.polgroup.ru/nelkal.html
1526,1254,3,50,0,1,0000-00-00 00:00:00,Б/У ПРЕССЫ,Б/У ПРЕССЫ Пройдите по ссылке http://www.polgroup.ru/nelpress.html,http://www.polgroup.ru/nelpress.html
1527,1061,3,460,0,1,0000-00-00 00:00:00,"МЕЛЬНИЦА ТРЁХВАЛКОВАЯ, КРАСКОТЁРКА","МЕЛЬНИЦА ТРЁХВАЛКОВАЯ, КРАСКОТЁРКА Пройдите по ссылке http://polgroup.ru/kraska.html",http://polgroup.ru/kraska.html
1531,1333,3,20,0,1,0000-00-00 00:00:00,С МЕТАЛЛИЧ. ОПЛЁТКОЙ,Пройдите по ссылке http://www.polgroup.ru/st_opl.html,http://www.polgroup.ru/st_opl.html
1532,1333,3,40,0,1,0000-00-00 00:00:00,НАВИВОЧНЫХ СПИРАЛЬНЫХ РУКАВОВ,"Оборудование для производства рукавов высокого давления навивочный спиральной конструкции, навивочных рукавов, буровых рукавов. Китай. Пройдите по ссылке http://www.polgroup.ru/nav_cn.html",http://www.polgroup.ru/nav_cn.html
1533,1505,4,0,0,1,0000-00-00 00:00:00,С НИТЯНОЙ ОПЛ.,Пройдите по ссылке http://www.polgroup.ru/nit_opl.html,http://www.polgroup.ru/nit_opl.html
1534,1505,4,40,0,1,0000-00-00 00:00:00,С МЕТ.ОПЛЁТКОЙ,Пройдите по ссылке http://www.polgroup.ru/st_opl.html,http://www.polgroup.ru/st_opl.html
1594,1067,3,45,0,1,0000-00-00 00:00:00,РАЗМАЛЫВАЮЩИЙ КАТКОВЫЙ Китай,"РАЗМАЛЫВАЮЩИЙ, КАТКОВЫЙ, БЕГУНКОВЫЙ СМЕСИТЕЛЬ. КИТАЙ http://www.polgroup.ru/mix_round.html",http://www.polgroup.ru/mix_round.html
1539,1280,3,70,0,1,0000-00-00 00:00:00,"ЗАГРУЗЧИКИ с РС НА ВАЛЬЦЫ, ЛИНИИ","ЗАГРУЗЧИКИ РЕЗИНЫ с РЕЗИНОСМЕСИТЕЛЕЙ НА ВАЛЬЦЫ, ЛИНИИ ПРОИЗВОДСТВА РЕЗИНЫ Пройдите по ссылке http://www.polgroup.ru/skiper.html",http://www.polgroup.ru/skiper.html
1540,1283,3,90,0,1,0000-00-00 00:00:00,ЗАГРУЗЧИКИ,Пройдите по ссылке http://www.polgroup.ru/skiper.html,http://www.polgroup.ru/skiper.html
1541,1283,3,110,0,1,0000-00-00 00:00:00,ВЕСОДОЗАТОРЫ,Пройдите по ссылке http://www.polgroup.ru/ves_doz.html,http://www.polgroup.ru/ves_doz.html
1542,1280,3,100,0,1,0000-00-00 00:00:00,ВЕСОДОЗАТОРЫ,Пройдите по ссылке http://www.polgroup.ru/ves_doz.html,http://www.polgroup.ru/ves_doz.html
1543,1066,3,110,0,1,0000-00-00 00:00:00,ВЕСОДОЗАТОРЫ,Пройдите по ссылке http://www.polgroup.ru/ves_doz.html,http://www.polgroup.ru/ves_doz.html
1544,1066,3,120,0,1,0000-00-00 00:00:00,"ЗАГРУЗЧИКИ с РС НА ВАЛЬЦЫ, ЭКСТРУДЕР, СМЕСИТЕЛЬ",ЗАГРУЗЧИКИ С РЕЗИНОСМЕСИТЕЛЯ НА ВАЛЬЦЫ Пройдите по ссылке http://www.polgroup.ru/skiper.html,Пройдите по ссылке http://www.polgroup.ru/skiper.html
1545,1067,3,70,0,1,0000-00-00 00:00:00,ВЕСОДОЗАТОРЫ. Китай,Пройдите по ссылке http://www.polgroup.ru/ves_doz.html,http://www.polgroup.ru/ves_doz.html
1780,1264,3,200,0,1,0000-00-00 00:00:00,Валковые прессы,Валковые прессы. Пройдите по ссылке http://www.polgroup.ru/rolltab.html,http://www.polgroup.ru/rolltab.html
1547,1254,3,25,0,1,0000-00-00 00:00:00,ФОРМАТОР-ВУЛКАНИЗАТОР ШИН,ФОРМАТОР-ВУЛКАНИЗАТОР ШИН. Китай Пройдите по ссылке http://www.polgroup.ru/formator.html,http://www.polgroup.ru/formator.html
1548,1254,3,45,0,1,0000-00-00 00:00:00,ПРЕСС-ФОРМЫ,Пройдите по ссылке http://www.polgroup.ru/mold.html,http://www.polgroup.ru/mold.html
1550,1453,3,120,0,1,0000-00-00 00:00:00,ПРЕСС_ФОРМЫ,Пройдите по ссылке http://www.polgroup.ru/mold.html,http://www.polgroup.ru/mold.html
1551,1453,3,50,0,1,0000-00-00 00:00:00,ВУЛКАНИЗАЦИОННЫЕ ПРЕССЫ . Китай,ПРЕССЫ ВУЛКАНИЗАЦИОННЫЕ . Китай Пройдите по ссылке http://www.polgroup.ru/vulkanpres.html,http://www.polgroup.ru/vulkanpres.html
1552,1453,3,70,0,1,0000-00-00 00:00:00,ИНЖЕКЦИОННЫЕ ЛИТЬЕВЫЕ ПРЕССЫ .Китай,ИНЖЕКЦИОННЫЕ ЛИТЬЕВЫЕ ПРЕССА .Китай Пройдите по ссылке http://polgroup.ru/injpress.html,http://polgroup.ru/injpress.html
1553,1453,3,100,0,1,0000-00-00 00:00:00,ФОРМАТОРЫ-ВУЛКАНИЗАТОРЫ. Китай,ФОРМАТОРЫ-ВУЛКАНИЗАТОРЫ. Китай Пройдите по ссылке http://polgroup.ru/formator.html,http://polgroup.ru/formator.html
1556,1271,3,140,0,1,0000-00-00 00:00:00,ЛИНИЯ МИКРОВОЛН. ВУЛКАН.,"МИКРОВОЛНОВАЯ НЕПРЕРЫВНАЯ ВУЛКАНИЗАЦИОННАЯ ЛИНИЯ ДЛЯ РЕЗИНОВОГО ПРОФИЛЯ, УПЛОТНЕНИЯ и ПР. ПРОЙДИТЕ ПО ССЫЛКЕ http://www.polgroup.ru/wave.html",http://www.polgroup.ru/wave.html
1577,1271,3,115,0,1,0000-00-00 00:00:00,ЛИНИЯ ПРОИЗВ. ЛИСТА ПП (PP),ЛИНИЯ ДЛЯ ПРОИЗВОДСТВА ЛИСТА ИЗ ПОЛИПРОПИЛЕНА ПП PP Пройдите по ссылке http://polgroup.ru/line2pp3kal.html,http://polgroup.ru/line2pp3kal.html
1806,1803,4,300,0,1,0000-00-00 00:00:00,ДВУХСТАДИЙНЫЕ,ЭКСТРУДЕР ДЛЯ ПЛАСТМАСС ДВУХСТАДИЙНЫЙ Пройдите по ссылке http://www.polgroup.ru/2stadekstr.html,http://www.polgroup.ru/2stadekstr.html
1562,1254,3,40,0,1,0000-00-00 00:00:00,БАРВЕЛЛ АНГЛИЯ Б/У в РФ,ПРЕДФОРМОВАТЕЛЬ РЕЗИНЫ БАРВЕЛЛ АНГЛИЯ Б/У в РФ Пройдите по ссылке http://www.polgroup.ru/nelbarwell.html,http://www.polgroup.ru/nelbarwell.html
1563,1477,2,36,0,1,0000-00-00 00:00:00,БАРВЕЛЛ АНГЛИЯ Б/У,БАРВЕЛЛ АНГЛИЯ Б/У в РФ Пройдите по ссылке http://www.polgroup.ru/nelbarwell.html,http://www.polgroup.ru/nelbarwell.html
1564,1477,2,29,0,1,0000-00-00 00:00:00,AВТОКЛАВЫ Б/У,AВТОКЛАВЫ Б/У Пройдите по ссылке http://www.polgroup.ru/nelavto.html,http://www.polgroup.ru/nelavto.html
1565,1477,2,13,0,1,0000-00-00 00:00:00,ЭКСТРУДЕРЫ Б/У,Б/У ЭКСТРУДЕРЫ Пройдите по ссылке http://www.polgroup.ru/nelekc.html,http://www.polgroup.ru/nelekc.html
1566,1477,2,45,0,1,0000-00-00 00:00:00,"ШЕСТЕРНИ, ВАЛЫ, РОТОРЫ Б/У","Б/У ШЕСТЕРНИ, ВАЛЫ, РОТОРЫ, ЗАП.ЧАСТИ ДЛЯ ВАЛЬЦЕВ и КАЛАНДРОВ Б/У Пройдите по ссылке http://www.polgroup.ru/zch.html",http://www.polgroup.ru/zch.html
1569,1280,3,10,0,1,0000-00-00 00:00:00,"РС ОБЛЕГЧЁННЫЕ ДЛЯ РЕЗИНЫ И ПЛАСТМАСС, КНИДЕР","ОБЛЕГЧЁННЫЕ РЕЗИНОСМЕСИТЕЛИ ДЛЯ РЕЗИНЫ И ПЛАСТМАСС, КНИДЕР, KNEADER Пройдите по ссылке http://www.polgroup.ru/dispergsmes.html",http://www.polgroup.ru/dispergsmes.html
1571,1254,3,22,0,1,0000-00-00 00:00:00,ДЛЯ КОНВЕЙЕРНЫХ ЛЕНТ,Прессы ДЛЯ КОНВЕЙЕРНЫХ ЛЕНТ Пройдите по ссылке http://www.polgroup.ru/conv.html,http://www.polgroup.ru/conv.html
1572,1271,3,110,0,1,0000-00-00 00:00:00,ЛИНИЯ ДЛЯ ТРУБ из ПЛАСТМАСС,"ЛИНИИ ДЛЯ ПРОИЗВОДСТВА ПЛАСТМАССОВЫХ ТРУБ из ПП, ПВХ и др. Пройдите по ссылке http://polgroup.ru/trub_line.html",http://polgroup.ru/trub_line.html
1573,1271,3,130,0,1,0000-00-00 00:00:00,"ЛИНИЯ  ПРОИЗВ. ДВЕРЕЙ, ОКОН",ЭКСТРУЗИОННАЯ ЛИНИЯ ДЛЯ ПРОИЗВОДСТВА ДВЕРЕЙ и ОКОН. Пройдите по ссылке http://polgroup.ru/dwline.html,http://polgroup.ru/dwline.html
1793,1271,3,25,0,1,0000-00-00 00:00:00,ДЛЯ РЕЗИНЫ,"Экструдеры для резины, силикона и пластмасс. Китай http://polgroup.ru/eks_all.html",http://polgroup.ru/eks_all.html
1576,1271,3,150,0,1,0000-00-00 00:00:00,ЛИНИИ ГРАНУЛИРОВАНИЯ,"ЛИНИИ ГРАНУЛИРОВАНИЯ, ПЕЛЕТИЗАТОРЫ Пройдите по ссылке http://polgroup.ru/line_gran.html",http://polgroup.ru/line_gran.html
1578,1271,3,117,0,1,0000-00-00 00:00:00,ЛИНИЯ ПРОИЗВ. ЛИСТА ПВХ (PVC),ЛИНИЯ ДЛЯ ПРОИЗВОДСТВА ЛИСТА ПВХ (PVC). Китай ПРОЙДИТЕ ПО ССЫЛКЕ http://polgroup.ru/linepvc3kal.html,http://polgroup.ru/linepvc3kal.html
1581,1213,2,24,0,1,0000-00-00 00:00:00,РЕЛАКСОМЕТР ОСЕВОГО СЖАТИЯ,РЕЛАКСОМЕТР ОСЕВОГО СЖАТИЯ. Струбцина для сжатия образцов по ГОСТ 9.029 Пройдите по ссылке http://www.polgroup.ru/relax.html,http://www.polgroup.ru/relax.html
1582,1213,2,19,0,1,0000-00-00 00:00:00,"ПЛАСТОМЕТР ЭКСТРУЗИОННЫЙ, ИНДЕКС СКОРОСТИ РАСПЛАВА ТЕРМОПЛАСТОВ","ИНДЕКС СКОРОСТИ РАСПЛАВА ТЕРМОПЛАСТА, ЭКСТРУЗИОННЫЙ ПЛАСТОМЕТР MZ-2028 и XNR-400 Пройдите по ссылке http://www.polgroup.ru/index_cn.html",http://www.polgroup.ru/index_cn.html
1583,1212,2,350,0,1,0000-00-00 00:00:00,УСТАНОВКА СНЯТИЯ ОБЛОЯ В АЗОТЕ,УСТАНОВКА СНЯТИЯ ОБЛОЯ в ЖИДКОМ АЗОТЕ Пройдите по ссылке http://polgroup.ru/azot.html,http://polgroup.ru/azot.html
1585,1076,3,70,0,1,0000-00-00 00:00:00,ОБУВНОЕ ОБОРУДОВУАНИЕ Китай,Пройдите по ссылке http://polgroup.ru/obyv_cn.html,http://polgroup.ru/obyv_cn.html
1586,1254,3,21,0,1,0000-00-00 00:00:00,ОБУВНЫЕ ЛИТЬЕВЫЕ ПРЕССЫ,ОБУВНЫЕ ЛИТЬЕВЫЕ (ИНЖЕКЦИОННЫЕ) ПРЕССЫ Пройдите по ссылке: http://www.polgroup.ru/obyv_press.html,http://www.polgroup.ru/obyv_press.html
1587,1212,2,129,0,1,0000-00-00 00:00:00,ОБУВНОЕ ОБОРУДОВАНИЕ,"ОБУВНОЕ ОБОРУДОВАНИЕ, ПРЕССЫ ЛИТЬЕВЫЕ ИНЖЕКЦИОННЫЕ, ОБОРУДОВАНИЕ ДЛЯ ПРОИЗВОДСТВА ОБУВИ, САПОГ. Китай Пройдите по ссылке http://www.polgroup.ru/obyv_cn.html",http://www.polgroup.ru/obyv_cn.html
1588,1477,2,43,0,1,0000-00-00 00:00:00,"ВЕСОДОЗАТОРЫ, ЗАГРУЗЧИКИ Б/У","ВЕСОДОЗАТОРЫ , ЗАГРУЗЧИКИ, ТРАНСПОРТЕРЫ Б/У ПРОЙДИТЕ ПО ССЫЛКЕ http://polgroup.ru/nelves.html",http://polgroup.ru/nelves.html
1589,1283,3,55,0,1,0000-00-00 00:00:00,ЛОПАСТНЫЕ,Пройдите по ссылке http://www.polgroup.ru/mix_lop.html,http://www.polgroup.ru/mix_lop.html
1590,1283,3,60,0,1,0000-00-00 00:00:00,БЕГУНКОВЫЙ КАТКОВЫЙ РАЗМАЛЫВАЮЩ.,КАТКОВЫЙ БЕГУНКОВЫЙ РАЗМАЛЫВАЮЩИЙ смеситель Пройдите по ссылке http://www.polgroup.ru/mix_round.html,http://www.polgroup.ru/mix_round.html
1593,1333,3,100,0,1,0000-00-00 00:00:00,"МЕТАЛЛОРУКАВОВ, СИЛЬФОНОВ","МАШИНА ШОВНОЙ И КРУГОВОЙ СВАРКИ, ОБОРУДОВАНИЕ ДЛЯ ПРОИЗВОДСТВА СИЛЬФНОВ, КОМПЕНСАТОРОВ, МЕТАЛЛОРУКАВОВ С КОЛЬЦЕВОЙ И СПИРАЛЬНОЙ НАВИВКОЙ (ГОФРОЙ) Пройдите по ссылке http://www.polgroup.ru/oplet.html",http://www.polgroup.ru/oplet.html
1595,1271,3,65,0,1,0000-00-00 00:00:00,ДЛЯ ФТОРОПЛАСТА,Линия для производства фторопласта . Китай Пройдите по ссылке http://www.polgroup.ru/ftor.html,http://www.polgroup.ru/ftor.html
1596,1254,3,35,0,1,0000-00-00 00:00:00,ДЛЯ ФТОРОПЛАСТА,ПРЕССЫ РАМ-ЭКСТРУДЕРЫ ДЛЯ ПРОИЗВОДСТВА ФТОРОПЛАСТА Пройдите по ссылке http://www.polgroup.ru/ftor.html,http://www.polgroup.ru/ftor.html
1597,1079,3,15,0,1,0000-00-00 00:00:00,"Фракция от 1,7 до 4,0 мм. Китай",Пройдите по ссылке http://www.polgroup.ru/drob_cn.html,http://www.polgroup.ru/drob_cn.html
1790,1789,3,100,0,1,0000-00-00 00:00:00,ВУЛКАНИЗАЦИЯ ПРОФИЛЯ МИКРОВОЛНОВАЯ ЛИНИЯ,ВУЛКАНИЗАЦИЯ ПРОФИЛЯ МИКРОВОЛНОВАЯ ЛИНИЯ http://www.polgroup.ru/wave.html,http://www.polgroup.ru/wave.html
1601,1254,3,58,0,1,0000-00-00 00:00:00,ТАБЛЕТОЧНЫЕ ПРЕССЫ КИТАЙ,ТАБЛЕТОЧНЫЕ ПРЕССЫ КИТАЙ Пройдите по ссылке http://www.polgroup.ru/tablet_cn.html,http://www.polgroup.ru/tablet_cn.html
1602,1254,3,60,0,1,0000-00-00 00:00:00,ТАБЛЕТОЧНЫЕ ПРЕССЫ РОССИЯ,"ТАБЛЕТОЧНЫЕ МАШИНЫ, ТАБЛЕТПРЕССЫ РОССИЯ Пройдите по ссылке http://polgroup.ru/Tabletki.html",http://polgroup.ru/Tabletki.html
1603,1254,3,64,0,1,0000-00-00 00:00:00,Б/У ТАБЛЕТОЧНЫЕ ПРЕССЫ,"Б/У ТАБЛЕТОЧНЫЕ ПРЕССЫ, ТАБЛЕТПРЕССА В РОССИИ Пройдите по ссылке http://www.polgroup.ru/nelmt3a.html",http://www.polgroup.ru/nelmt3a.html
1604,1477,2,30,0,1,0000-00-00 00:00:00,ОБУВНОЕ ОБОРУДОВАНИЕ Б/У,Б/У ОБОРУДОВАНИЕ ДЛЯ ПРОИЗВОДСТВА ОБУВИ Пройдите по ссылке http://www.polgroup.ru/nel_obyv.html,http://www.polgroup.ru/nel_obyv.html
1605,1075,3,100,0,1,0000-00-00 00:00:00,ТЕОРИЯ по РУКАВАМ,Рукава высокого давления. Теория. Пройдите по ссылке http://www.polgroup.ru/rvd_teoria.html,http://www.polgroup.ru/rvd_teoria.html
1606,1075,3,50,0,1,0000-00-00 00:00:00,НАВИВОЧНЫЕ КИТАЙ,Навивочные машины Китай для рукавов высокого давления Пройдите по ссылке http://www.polgroup.ru/nav_cn.html,http://www.polgroup.ru/nav_cn.html
1607,1075,3,40,0,1,0000-00-00 00:00:00,МЕТАЛЛ ОПЛЁТ.КИТАЙ,Пройдите по ссылке http://www.polgroup.ru/st_opl.html,http://www.polgroup.ru/st_opl.html
1608,1333,3,80,0,1,0000-00-00 00:00:00,ТЕОРИЯ по ПРОИЗВОДСТВУ РУКАВОВ,Рукава высокого давления. Теория. Пройдите по ссылке http://www.polgroup.ru/rvd_teoria.html,http://www.polgroup.ru/rvd_teoria.html
1609,1066,3,67,0,1,0000-00-00 00:00:00,"РС ОБЛЕГЧЕННЫЕ, КНИДЕР. КИТАЙ.","РЕЗИНОСМЕСИТЕЛИ КИТАЙ ОБЛЕГЧЕННЫЕ, КНИДЕРЫ Пройдите по ссылке http://www.polgroup.ru/dispergsmes.html",http://www.polgroup.ru/dispergsmes.html
1706,1212,2,400,0,1,0000-00-00 00:00:00,ЛИНИЯ НАНЕСЕНИЯ ВОРСА,Линия для электростатического нанесения ворсового покрытия. Китай. Пройдите по ссылке http://www.polgroup.ru/flock.html,http://www.polgroup.ru/flock.html
1610,1061,3,800,0,1,0000-00-00 00:00:00,СТАНЦИИ ТЕРМОРЕГУЛИРОВАНИЯ,СТАНЦИИ ТЕРМОРЕГУЛИРОВАНИЯ Пройдите по ссылке http://polgroup.ru/st_term.html,http://polgroup.ru/st_term.html
1612,1090,3,200,0,1,0000-00-00 00:00:00,СТАНЦИИ ТЕРМОРЕГУЛИРОВАНИЯ,СТАНЦИИ ТЕРМОРЕГУЛИРОВАНИЯ Пройдите по ссылке http://polgroup.ru/st_term.html,http://polgroup.ru/st_term.html
1614,1066,3,80,0,1,0000-00-00 00:00:00,СТАНЦИИ ТЕРМОРЕГУЛИРОВАНИЯ. Россия.,СТАНЦИИ ТЕРМОРЕГУЛИРОВАНИЯ Пройдите по ссылке http://polgroup.ru/st_term.html,http://polgroup.ru/st_term.html
1615,1067,3,60,0,1,0000-00-00 00:00:00,СТАНЦИИ ТЕРМОРЕГУЛИРОВАНИЯ,СТАНЦИИ ТЕРМОРЕГУЛИРОВАНИЯ Пройдите по ссылке http://polgroup.ru/st_term.html,http://polgroup.ru/st_term.html
1616,1229,3,100,0,1,0000-00-00 00:00:00,СТАНЦИИ ТЕРМОРЕГУЛИРОВАНИЯ,СТАНЦИИ ТЕРМОРЕГУЛИРОВАНИЯ Пройдите по ссылке http://polgroup.ru/st_term.html,http://polgroup.ru/st_term.html
1617,1267,3,100,0,1,0000-00-00 00:00:00,СТАНЦИИ ТЕРМОРЕГУЛИРОВАНИЯ,СТАНЦИИ ТЕРМОРЕГУЛИРОВАНИЯ Пройдите по ссылке http://polgroup.ru/st_term.html,http://polgroup.ru/st_term.html
1618,1280,3,200,0,1,0000-00-00 00:00:00,СТАНЦИИ ТЕРМОРЕГУЛИРОВАНИЯ,СТАНЦИИ ТЕРМОРЕГУЛИРОВАНИЯ Пройдите по ссылке http://polgroup.ru/st_term.html,http://polgroup.ru/st_term.html
1619,1283,3,200,0,1,0000-00-00 00:00:00,СТАНЦИИ ТЕРМОРЕГУЛИРОВАНИЯ,СТАНЦИИ ТЕРМОРЕГУЛИРОВАНИЯ Пройдите по ссылке http://polgroup.ru/st_term.html,http://polgroup.ru/st_term.html
1652,1213,2,4,0,1,0000-00-00 00:00:00,"<- ИСТИРАНИЕ, ТРЕНИЕ, ФРИКЦИЯ","Приборы, машины для измерения износа, истирания, трения, фрикции http://polgroup.ru/friction.html",http://polgroup.ru/friction.html
1624,1271,3,67,0,1,0000-00-00 00:00:00,ОБУВНЫЕ МНОГОПОЗИЦИОННЫЕ,"Роторные многопозиционные экструдеры и линии для резины, ЭВА, пластмасс. Обувные литьевые агрегаты типа DESMA Пройдите по ссылке http://www.polgroup.ru/vulk_press.html",http://www.polgroup.ru/vulk_press.html
1625,1453,3,90,0,1,0000-00-00 00:00:00,ОБУВНЫЕ ЛИТЬЕВЫЕ ПРЕССЫ. Китай,ОБУВНЫЕ ЛИТЬЕВЫЕ ПРЕССЫ. Китай Пройдите по ссылке http://www.polgroup.ru/obyv_cn.html,http://www.polgroup.ru/obyv_cn.html
1626,1200,3,0,0,1,0000-00-00 00:00:00,АВТОКЛАВЫ Б/У,АВТОКЛАВЫ Б/У Пройдите по ссылке http://www.polgroup.ru/nelavto.html,http://www.polgroup.ru/nelavto.html
1627,1254,3,33,0,1,0000-00-00 00:00:00,ВЫРУБНЫЕ ПРЕССЫ. Китай,Прессы вырубные для резины кожи и прочих материалов. http://www.polgroup.ru/viryb_cn.html,http://www.polgroup.ru/viryb_cn.html
1628,1453,3,110,0,1,0000-00-00 00:00:00,ВЫРУБНЫЕ ПРЕССЫ. Китай,ВЫРУБНЫЕ ПРЕССЫ . Китай http://www.polgroup.ru/viryb_cn.html/,http://www.polgroup.ru/viryb_cn.html/
1629,1453,3,105,0,1,0000-00-00 00:00:00,ВЫРУБНЫЕ ПРЕССЫ С.ПЕТЕРБУРГ,ВЫРУБНЫЕ ПРЕССЫ С.ПЕТЕРБУРГ http://polgroup.ru/press.html,http://polgroup.ru/press.html
1631,1086,3,0,0,1,0000-00-00 00:00:00,****** ТАБЛЕТОЧНЫЕ МАШИНЫ ******,"ТАБЛЕТОЧНЫЕ МАШИНЫ, ТАБЛЕТОЧНЫЕ ПРЕССЫ, ТАБЛЕТПРЕССЫ, ПРЕССА ДЛЯ ТАБЛЕТИРОВАНИЯ СОЛИ http://polgroup.ru/Tabletki.html",http://polgroup.ru/Tabletki.html
1632,1076,3,0,0,1,0000-00-00 00:00:00,********* ОБУВНОЕ **********,Оборудование для производства обуви http://www.polgroup.ru/obyv.html,http://www.polgroup.ru/obyv.html
1633,1336,3,0,0,1,0000-00-00 00:00:00,** РЕЗИНОСМЕСИТЕЛИ **,Выпускаемые резиносмесители. Производитель. http://www.polgroup.ru/rez.html,http://www.polgroup.ru/rez.html
1634,1336,3,65,0,1,0000-00-00 00:00:00,КИТАЙ ОБЛЕГЧЁННЫЕ,КИТАЙСКИЕ РЕЗИНОСМЕСИТЕЛИ ОБЛЕГЧЕННЫЕ С ТАНГЕНЦИАЛЬНЫМИ РОТОРАМИ ДЛЯ РЕЗИНЫ И ПЛАСТМАСС http://www.polgroup.ru/dispergsmes.html,http://www.polgroup.ru/dispergsmes.html
1728,1340,3,10,0,1,0000-00-00 00:00:00,"МИКРОСМЕСИТЕЛЬ на 0,1 литра","Микросмеситель с объёмом 0,1 литра. Пройдите по ссылке http://polgroup.ru/m_smes.html Микросмеситель-Брабендер",http://polgroup.ru/m_smes.html
1636,1340,3,80,0,1,0000-00-00 00:00:00,Б/У СМЕСИТЕЛИ,"Б/У СМЕСИТЕЛИ , РЕЗИНОСМЕСИТЕЛИ. http://www.polgroup.ru/nelsmes.html",http://www.polgroup.ru/nelsmes.html
1705,1060,2,220,0,1,0000-00-00 00:00:00,"МАШИНА ДЛЯ ВЫРЕЗКИ ОБРАЗЦОВ, КРУГЛЫХ",МАШИНА ДЛЯ ВЫРЕЗКИ ОБРАЗЦОВ КРУГЛОЙ ФОРМЫ Пройдите по ссылке http://www.polgroup.ru/mash_obr.html,http://www.polgroup.ru/mash_obr.html
1696,1229,3,7,0,1,0000-00-00 00:00:00,"РИФАЙНЕР, РАФИНИРОВОЧНЫЕ","Рифинировочные вальцы, рифайнер. Китай http://www.polgroup.ru/refiner.html",http://www.polgroup.ru/refiner.html
1733,1067,3,37,0,1,0000-00-00 00:00:00,СМЕСИТЕЛИ КОНИЧЕСКИЕ. Китай,СМЕСИТЕЛИ КОНИЧЕСКИЕ. Китай Пройдите по ссылке Смесители с коническими роторами http://www.polgroup.ru/kon_mixer.html,http://www.polgroup.ru/kon_mixer.html
1730,1067,3,35,0,1,0000-00-00 00:00:00,ЛЕНТОЧНЫЕ. Китай.,СМЕСИТЕЛИ ЛЕНТОЧНЫЕ. Китай. Пройдите по ссылке http://www.polgroup.ru/lent_smes.html,http://www.polgroup.ru/lent_smes.html
1731,1283,3,57,0,1,0000-00-00 00:00:00,ЛЕНТОЧНЫЕ,СМЕСИТЕЛИ ЛЕНТОЧНЫЕ. Китай. Пройдите по ссылке http://www.polgroup.ru/lent_smes.html,http://www.polgroup.ru/lent_smes.html
1760,1254,3,15,0,1,0000-00-00 00:00:00,ВУЛКАНИЗАЦИОННЫЕ С ВАК.,ВУЛКАНИЗАЦИОННЫЕ ПРЕССЫ С ВАКУУМИРОВАНИЕМ И ПЕРЕЗАРЯДЧИКАМИ. Китай Пройдите по ссылке http://www.polgroup.ru/vulkanpres_v.html,http://www.polgroup.ru/vulkanpres_v.html
1763,1264,3,300,0,1,0000-00-00 00:00:00,"Прессы для производства ""Лизунца""",Оборудование для производства Лизунца. Прессы на Лизунец. Пройдите по ссылке http://www.polgroup.ru/lizyn.html,http://www.polgroup.ru/lizyn.html
1659,1477,2,25,0,1,0000-00-00 00:00:00,РЕЗИНОСМЕСИТЕЛИ Б/У,РЕЗИНОСМЕСИТЕЛИ Б/У Пройдите по ссылке http://www.polgroup.ru/nelrez.html,http://www.polgroup.ru/nelrez.html
1642,1477,2,31,0,1,0000-00-00 00:00:00,КЛЕЕПРОМАЗОЧНАЯ МАШИНА Б/У,"Б/У клеепромазочная машина, шпрединг Пройдите по ссылке http://www.polgroup.ru/nelglue.html",http://www.polgroup.ru/nelglue.html
1803,1271,3,30,0,1,0000-00-00 00:00:00,ДЛЯ ПЛАСТМАСС,"Экструдеры для резины, силикона и пластмасс. Китай http://polgroup.ru/eks_all.html",http://polgroup.ru/eks_all.html
1804,1803,4,100,0,1,0000-00-00 00:00:00,ОДНОШНЕКОВЫЕ,ЭКСТРУДЕР ДЛЯ ПЛАСТМАСС ОДНОШНЕКОВЫЙ Пройдите по ссылке http://www.polgroup.ru/singl_screw.html,http://www.polgroup.ru/singl_screw.html
1644,1254,3,48,0,1,0000-00-00 00:00:00,ПЕРЕЗАРЯДЧИК С.Петербург,Пререзарядчик к прессам производства С.Петербург . Производитель http://www.polgroup.ru/perezar.html,http://www.polgroup.ru/perezar.html
1645,1453,3,112,0,1,0000-00-00 00:00:00,ПЕРЕЗАРЯДЧИК,ПЕРЕЗАРЯДЧИК http://www.polgroup.ru/perezar.html,http://www.polgroup.ru/perezar.html
1755,1086,3,28,0,1,0000-00-00 00:00:00,Машина гидравлическая МТГ-10 10тнс.,Пройдите по ссылке http://polgroup.ru/mtg10.html,http://polgroup.ru/mtg10.html
1756,1267,3,35,0,1,0000-00-00 00:00:00,КАЛАНДРЫ 5-ти ВАЛКОВЫЕ ДЛЯ РЕЗИНЫ,КАЛАНДРЫ 5-ти ВАЛКОВЫЕ ДЛЯ РЕЗИНЫ http://polgroup.ru/kal5.html,http://polgroup.ru/kal5.html
1752,1212,2,361,0,1,0000-00-00 00:00:00,ОБОРУД. ПРОИЗВ. ФТОРОПЛАСТА,ОБОРУДОВАНИЕ ДЛЯ производства ФТОРОПЛАСТА http://www.polgroup.ru/ftor.html,http://www.polgroup.ru/ftor.html
1651,1271,3,300,0,1,0000-00-00 00:00:00,Б/У ЭКСТРУДЕРЫ,Б/У ЭКСТРУДЕРЫ ДЛЯ РЕЗИНЫ И ПЛАСТМАСС http://www.polgroup.ru/nelekc.html,http://www.polgroup.ru/nelekc.html
1789,1212,2,180,0,1,0000-00-00 00:00:00,НЕПРЕРЫВНАЯ ВУЛКАНИЗАЦИЯ,Линия непрерывной микроволновой вулканизации резинового профиля http://www.polgroup.ru/wave.html,http://www.polgroup.ru/wave.html
1688,1212,2,170,0,1,0000-00-00 00:00:00,"ДРОБИЛКИ, ОТРЕЗНЫЕ, ГИЛЬОТИНЫ","ДРОБИЛКИ, ПРОДОЛЬНО ОТРЕЗНЫЕ СТАНКИ, ПОПЕРЕЧНО ОТРЕЗНЫЕ СТАНКИ, ГИЛЬОТИНЫ Пройдите по ссылке http://www.polgroup.ru/drobilki.html",http://www.polgroup.ru/drobilki.html
1709,1688,3,5,0,1,0000-00-00 00:00:00,ДРОБИЛЬНЫЕ ВАЛЬЦЫ,"ДРОБИЛЬНЫЕ, РАЗМАЛЫВАЮЩИЕ ВАЛЬЦЫ http://www.polgroup.ru/drob_valc.html",http://www.polgroup.ru/drob_valc.html
1655,1565,3,1,0,1,0000-00-00 00:00:00,ДЛЯ РЕЗИНЫ Б/У,экструдеры б/у для резины http://www.polgroup.ru/nelekc_rez.html,http://www.polgroup.ru/nelekc_rez.html
1656,1565,3,50,0,1,0000-00-00 00:00:00,ДЛЯ ПЛАСТМАСС Б/У,ЭКСТРУДЕРЫ Б/У ДЛЯ ПЛАСТМАСС http://www.polgroup.ru/nelekc_pl.html,http://www.polgroup.ru/nelekc_pl.html
1657,1565,3,100,0,1,0000-00-00 00:00:00,ЭКСТРУДЕРЫ НОВЫЕ ИЗ КИТАЯ,ЭКСТРУДЕРЫ ДЛЯ РЕЗИНЫ И ПЛАСТМАСС ИЗ КИТАЯ НОВЫЕ ПОД ЗАКАЗ http://www.polgroup.ru/ekc_all.html,http://www.polgroup.ru/ekc_all.html
1660,1477,2,15,0,1,0000-00-00 00:00:00,КРАСКОТЕРКИ Б/У,КРАСКОТЕРКИ Б/У Пройдите по ссылке http://www.polgroup.ru/nelkraska.html,http://www.polgroup.ru/nelkraska.html
1661,1061,3,0,0,1,0000-00-00 00:00:00,ОПИСАНИЕ ВАЛЬЦЕВ,Описание что такое вальцы резинообрабатывающие открытого типа для резины и композитных материалов. http://www.polgroup.ru/mill.html,http://www.polgroup.ru/mill.html
1663,1229,3,3,0,1,0000-00-00 00:00:00,АЛГОРИТМ ПОДБОРА ВАЛЬЦЕВ,ПОМОЩЬ В ВЫБОРЕ ВАЛЬЦЕВ. АЛГОРИТМ ПОДБОРА ВАЛЬЦЕВ http://www.polgroup.ru/algoritm_mill.html,http://www.polgroup.ru/algoritm_mill.html
1664,1229,3,1,0,1,0000-00-00 00:00:00,ОПИСАНИЕ ВАЛЬЦЕВ,ОПИСАНИЕ ВАЛЬЦЕВ ДЛЯ РЕЗИНЫ И ПЛАСТМАСС http://www.polgroup.ru/mill.html,http://www.polgroup.ru/mill.html
1665,1293,3,1,0,1,0000-00-00 00:00:00,ОПИСАНИЕ ВАЛЬЦЕВ,ОПИСАНИЕ ВАЛЬЦЕВ http://www.polgroup.ru/mill.html,http://www.polgroup.ru/mill.html
1666,1293,3,5,0,1,0000-00-00 00:00:00,Алгоритм подбора вальцев,Алгоритм подбора вальцев http://www.polgroup.ru/algoritm_mill.html,http://www.polgroup.ru/algoritm_mill.html
1668,1061,3,255,0,1,0000-00-00 00:00:00,ПД 320 160/160Ф С РЕГУЛИРУЕМОЙ ФРИКЦИЕЙ,Вальцы ПД 320 160/160Ф С РЕГУЛИРУЕМОЙ ФРИКЦИЕЙ http://polgroup.ru/tex_pd320F.html,http://polgroup.ru/tex_pd320F.html
1707,1007,1,80,0,1,0000-00-00 00:00:00,ЕГРЮЛ 1 лист,http://www.polgroup.ru/egrul_1.jpg,http://www.polgroup.ru/egrul_1.jpg
1670,1007,1,90,0,1,0000-00-00 00:00:00,ЕГРЮЛ 2 лист,,
1747,1061,3,330,0,1,0000-00-00 00:00:00,__ВАЛКИ К ВАЛЬЦАМ ЦЕНЫ,"ВАЛКИ К ВАЛЬЦАМ, КАЛАНДРАМ, КРАСКОТЁРКАМ. Валки чугунные, стальные, полые, из нержавеющей стали, из шарикоподшипниковой стали, гранитные валки. http://www.polgroup.ru/rolls.html",http://www.polgroup.ru/rolls.html
1671,1007,1,100,0,1,0000-00-00 00:00:00,ЕГРЮЛ 3 лист,,
1672,1007,1,110,0,1,0000-00-00 00:00:00,ЕГРЮЛ 4 лист,,
1673,1007,1,120,0,1,0000-00-00 00:00:00,ЕГРЮЛ 5 лист,,
1674,1007,1,130,0,1,0000-00-00 00:00:00,ЕГРЮЛ 6 лист,,
1675,1007,1,140,0,1,0000-00-00 00:00:00,ЕГРЮЛ 7 лист,,
1676,1007,1,150,0,1,0000-00-00 00:00:00,ЕГРЮЛ 8 лист,,
1677,1283,3,22,0,1,0000-00-00 00:00:00,С Z-ОБР. РОТОРАМИ и ВЫГРУЖНЫМ ШНЕКОМ,СМЕСИТЕЛИ С ВЫГРУЖНЫМ ШНЕКОМ С Z-ОБРАЗНЫМИ РОТОРАМИ Пройдите по ссылке http://polgroup.ru/mix_screw.html,http://polgroup.ru/mix_screw.html
1759,1086,3,60,0,1,0000-00-00 00:00:00,Машины для производства ЛИЗУНЦА,Оборудование для производства солевого Лизунца. Лизунец. http://www.polgroup.ru/lizyn.html,http://www.polgroup.ru/lizyn.html
1680,1090,3,95,0,1,0000-00-00 00:00:00,Каландры Китай,"КАЛАНДРЫ И КАЛАНДРОВЫЕ ЛИНИИ, ПОСТАВЛЯЕМЫЕ ИЗ КИТАЯ http://www.polgroup.ru/kalandri_cn.html",http://www.polgroup.ru/kalandri_cn.html
1727,1267,3,49,0,1,0000-00-00 00:00:00,"ДУБЛИРУЮЩИЕ, ЛАМИНИРУЮЩИЕ","Дублирующие каландровые линии, ламинирующие каландры http://polgroup.ru/dubl.html",http://polgroup.ru/dubl.html
1681,1090,3,10,0,1,0000-00-00 00:00:00,ТЕОРИЯ. Что такое каландр ?,ТЕОРИЯ. ЧТО ТАКОЕ КАЛАНДР? ПРОЙДИТЕ ПО ССЫЛКЕ http://polgroup.ru/kal_teor.html,http://polgroup.ru/kal_teor.html
1683,1477,2,37,0,1,0000-00-00 00:00:00,ОПЛЕТОЧНЫЕ МАШИНЫ Б/У,Пройдите по ссылке http://www.polgroup.ru/neloplet.html,http://www.polgroup.ru/neloplet.html
1684,1212,2,357,0,1,0000-00-00 00:00:00,"ОБОР.ПРОИЗВ.ПЕНОРЕЗИНЫ,ИЗДЕЛИЙ","Оборудование для производства пенорезины, поставляемое из Китая. Изделия из Пенорезины. Пройдите по ссылке http://www.polgroup.ru/pena.html",http://www.polgroup.ru/pena.html
1685,1061,3,320,0,1,0000-00-00 00:00:00,__ЗАП.ЧАСТИ к ПД630 ЦЕНЫ,Прайс-лист на запасные части к вальцам ПД630 http://www.polgroup.ru/price_zchpd630.html,http://www.polgroup.ru/price_zchpd630.html
1732,1283,3,25,0,1,0000-00-00 00:00:00,КОНИЧЕСКИЕ. Китай,"СМЕСИТЕЛИ КОНИЧЕСКИЕ, КОНУСНЫЕ. Китай Пройдите по ссылке Смесители с коническими роторами http://www.polgroup.ru/kon_mixer.html",http://www.polgroup.ru/kon_mixer.html
1686,1477,2,32,0,1,0000-00-00 00:00:00,"ГРАНУЛЯТОРЫ, АГЛОМЕРАТОРЫ Б/У","ГРАНУЛЯТОРЫ, АГЛОМЕРАТОРЫ Б/У http://www.polgroup.ru/nelgran.html",http://www.polgroup.ru/nelgran.html
1687,1212,2,11,0,1,0000-00-00 00:00:00,КРАСКОТЕРКИ. МЕЛЬНИЦЫ ТРЁХВАЛК.,Краскотёрки. Мельницы трехвалковые. Производитель. Трёхвальцовые краскотерки. Китай. Пройдите по ссылке http://polgroup.ru/kraska.html,http://polgroup.ru/kraska.html
1689,1688,3,10,0,1,0000-00-00 00:00:00,ДРОБИЛКИ РЕЗИНЫ В КРОШКУ,ДРОБИЛКИ РЕЗИНЫ В КРОШКУ Пройдите по ссылке http://polgroup.ru/powder.html,http://polgroup.ru/powder.html
1690,1688,3,20,0,1,0000-00-00 00:00:00,МИКРОИЗМЕЛЬЧИТЕЛЬ РЕЗ.КРОШКИ В ПУДРУ,МИКРОИЗМЕЛЬЧИТЕЛЬ РЕЗИНОВОЙ КРОШКИ В ПУДРУ МЕНЬШЕ 1 мм. Пройдите по ссылке http://polgroup.ru/micronizer.html,http://polgroup.ru/micronizer.html
1691,1688,3,30,0,1,0000-00-00 00:00:00,ДИАГОНАЛЬНО-РЕЗАТЕЛЬНАЯ МАШИНА,ДИАГОНАЛЬНО-РЕЗАТЕЛЬНАЯ МАШИНА Пройдите по ссылке http://www.polgroup.ru/dra_cn.html,http://www.polgroup.ru/dra_cn.html
1692,1688,3,40,0,1,0000-00-00 00:00:00,ПРОДОЛЬНО и ПОПЕРЕЧНОРЕЗАТ. МАШИНЫ,"ПРОДОЛЬНОРЕЗАТЕЛЬНАЯ МАШИНА, ПОПЕРЕЧНОРЕЗАТЕЛЬНЫЙ СТАНОК, РЕЗАК ПОЛОСОК И РЕЗАКИ БРИКЕТОВ КАУЧУКА Пройдите по ссылке http://www.polgroup.ru/rezak.html",http://www.polgroup.ru/rezak.html
1693,1688,3,50,0,1,0000-00-00 00:00:00,"ОТРЕЗНАЯ МАШИНА ТРУБ ПВХ, PE, PPR","ОТРЕЗНАЯ МАШИНА ТРУБ ПВХ, PE, PPR Пройдите по ссылке http://www.polgroup.ru/otrezn.html",http://www.polgroup.ru/otrezn.html
1698,1486,3,12,0,1,0000-00-00 00:00:00,ИНЖЕКЦИОННЫЕ-ЛИТЬЕВЫЕ Б/У,ПРЕССЫ ИНЖЕКЦИОННЫЕ-ЛИТЬЕВЫЕ Б/У Пройдите по ссылке http://www.polgroup.ru/nelpress_inj.html,http://www.polgroup.ru/nelpress_inj.html
1701,1486,3,19,0,1,0000-00-00 00:00:00,ДЛЯ ФТОРОПЛАСТА Б/У,Б/У ПРЕССЫ ДЛЯ ПРОИЗВОДСТВА ФТОРОПЛАСТОВЫХ СТЕРЖНЕЙ И ТРУБ Проийдите по ссылке http://www.polgroup.ru/nelftor.html,http://www.polgroup.ru/nelftor.html
1702,1283,3,21,0,1,0000-00-00 00:00:00,С Z-ОБРАЗНЫМИ РОТОРАМИ,СМЕСИТЕЛИ С Z-ОБРАЗНЫМИ РОТОРАМИ ПРОИЗВОДСТВА РОССИЯ И КИТАЙ Пройдите по ссылке http://www.polgroup.ru/crk3_5.html,http://www.polgroup.ru/crk3_5.html
1703,1477,2,33,0,1,0000-00-00 00:00:00,ЛИНИЯ ГЕРМОСЛОЯ Б/У,Линия ПРОИЗВОДСТВА ГЕРМОСЛОЯ Б/У http://www.polgroup.ru/nelgs.html,http://www.polgroup.ru/nelgs.html
1704,1271,3,113,0,1,0000-00-00 00:00:00,ЛИНИИ ДЛЯ ВСПЕНЕННЫХ МАТ.,ЛИНИИ ДЛЯ ПРОИЗВОДСТВА ВСПЕНЕННЫХ МАТЕРИАЛОВ Пройдите по ссылке http://www.polgroup.ru/ekstr_vspen.html,http://www.polgroup.ru/ekstr_vspen.html
1711,1688,3,100,0,1,0000-00-00 00:00:00,"Б/У ГИЛЬОТИНЫ, Б/У ДРОБИЛКИ","Б/У SECOND HAND ГИЛЬОТИНЫ, Б/У ДРОБИЛКИ. http://www.polgroup.ru/nelmelnica.html",http://www.polgroup.ru/nelmelnica.html
1712,1688,3,25,0,1,0000-00-00 00:00:00,АЛИГАТОРНЫЕ НОЖНИЦЫ ДЛЯ ШИН,АЛИГАТОРНЫЕ НОЖНИЦЫ ДЛЯ ШИН http://www.polgroup.ru/aligator.html,http://www.polgroup.ru/aligator.html
1717,1333,3,50,0,1,0000-00-00 00:00:00,"ЛИНИИ ПРОИЗВОДСТВА РУКАВОВ, ШЛАНГОВ","ЛИНИИ ДЛЯ ПРОИЗВОДСТВА РУКАВОВ, ШЛАНГОВ Китай http://www.polgroup.ru/rvd_cn.html",http://www.polgroup.ru/rvd_cn.html
1719,1271,3,112,0,1,0000-00-00 00:00:00,ЛИНИЯ ДЛЯ ПВХ ПРОФИЛЕЙ,ЛИНИЯ ДЛЯ ПРОИЗВОДСТВА ПВХ (PVC) ПРОФИЛЕЙ. Китай Пройдите по ссылке http://polgroup.ru/pvc_prof.html,http://polgroup.ru/pvc_prof.html
1720,1213,2,20,0,1,0000-00-00 00:00:00,"ПЛОТНОМЕР, ИЗМЕРИТЕЛЬ ПЛОТНОСТИ РЕЗИНЫ И ПЛАСТМАСС, ДЕНСИМЕТР.","Прибор для определения плотности резины, эбонита и пластмасс. Денсиметр МZ - 4025 . Плотномер. Китай Пройдите по ссылке http://www.polgroup.ru/density.html",http://www.polgroup.ru/density.html
1721,1587,3,10,0,1,0000-00-00 00:00:00,"ЛИТЬЕВЫЕ, ИНЖЕКЦ. ПРЕССЫ, ЭКСТРУДЕРЫ","Литьевые инжекционные обувные прессы и экструдеры, прессы для резиновой обуви типа DESMA, разливочные линии для обуви из полиуретана, оборудование для производства обуви из ЕВА. Китай. Пройдите по ссылке http://www.polgroup.ru/obyv_press.html",http://www.polgroup.ru/obyv_press.html
1722,1587,3,100,0,1,0000-00-00 00:00:00,ВУЛКАНИЗАТОРЫ ВАКУУМНЫЕ,Вакуумные вулканизаторы для производства обуви. Китай Пройдите по ссылке http://www.polgroup.ru/vulk_vak.html,http://www.polgroup.ru/vulk_vak.html
1723,1587,3,200,0,1,0000-00-00 00:00:00,ДУБЛИР. ЛАМИНИР. КЛЕЕПРОМАЗКА,"ДУБЛИРУЮЩИЕ МАШИНЫ, ЛАМИНИРУЮЩИЕ МАШИНЫ - ЛАМИНАТОРЫ, КЛЕЕПРОМАЗЫВАЮЩИЕ - ШПРЕДИНГОВЫЕ МАШИНЫ, ТЕСНИЛЬНЫЕ МАШИНЫ. Китай Пройдите по ссылке http://www.polgroup.ru/dubl.html",http://www.polgroup.ru/dubl.html
1724,1267,3,40,0,1,0000-00-00 00:00:00,ЛИНИИ ДЛЯ ЛИСТА ПВХ (PVC),ЛИНИЯ КАЛАНДРОВАЯ ДЛЯ ПРОИЗВОДСТВА ЛИСТА ИЗ ПВХ(PVC) Пройдите по ссылке http://www.polgroup.ru/linepvc3kal.html,http://www.polgroup.ru/linepvc3kal.html
1725,1267,3,42,0,1,0000-00-00 00:00:00,"ЛИНИИ ДЛЯ ЛИСТА ПП(PP),ПЭ(PE),ТПУ(PU)","ЛИНИя КАЛАНДРОВАЯ ДЛЯ ПРОИЗВОДСТВА ЛИСТА (ПОЛОТНА) и ЛЕНТЫ ИЗ ПОЛИПРОПИЛЕНА ПП (PP), ПОЛИЭТИЛЕНА ПЭ (PE), ТЕРМОПЛАСТИЧНОГО ПОЛИУРЕТАНА ТПУ (TPU) Пройдите по ссылке http://www.polgroup.ru/linepp3kal.html",http://www.polgroup.ru/linepp3kal.html
1734,1212,2,359,0,1,0000-00-00 00:00:00,"ОБОР. ПРОИЗВ. РЕЗ. РУКАВОВ, РВД","Оборудование для производства резиновых рукавов, шлангов, рукавов высокого давления РВД. Пройдите по ссылке http://www.polgroup.ru/rvd_cn.html",http://www.polgroup.ru/rvd_cn.html
1764,1212,2,12,0,1,0000-00-00 00:00:00,"ДИССОЛЬВЕРЫ, ДИСПЕРГАТОРЫ","ДИССОЛЬВЕРЫ, ДИСПЕРГАТОРЫ поставляемые из Китая http://polgroup.ru/dissol.html Б/У диссольверы и диспергаторы http://polgroup.ru/nel_dissol.html",http://polgroup.ru/dissol.html
1778,1486,3,14,0,1,0000-00-00 00:00:00,ПРЕССЫ ОБУВНЫЕ,Обувные прессы Б/У www.polgroup.ru/nel_obyv.html,http://www.polgroup.ru/nel_obyv.html
1779,1086,3,50,0,1,0000-00-00 00:00:00,Валковый таблетпресс,Валковые прессы. Пройдите по ссылке www.polgroup.ru/rolltab.html,http://www.polgroup.ru/rolltab.html
1772,1565,3,200,0,1,0000-00-00 00:00:00,ШНЕКИ и ГИЛЬЗЫ,"Шнеки и гильзы, шнековые пары, червяк и гильза для резины, пластмасс и ТПА http://polgroup.ru/screw.html",http://polgroup.ru/screw.html
1773,1271,3,200,0,1,0000-00-00 00:00:00,ШНЕКИ и ГИЛЬЗЫ,"Шнеки и гильзы, шнековые пары, червяк и гильза для резины, пластмасс и ТПА http://polgroup.ru/screw.html",http://polgroup.ru/screw.html
1774,1477,2,35,0,1,0000-00-00 00:00:00,УСТАНОВКА СНЯТИЯ ОБЛОЯ В ЖИДКОМ АЗОТЕ Б/У,Установка б/у снятия облоя в жидком азоте www.polgroup.ru/nelazot.html,http://polgroup.ru/nelazot.html
1808,1267,3,48,0,1,0000-00-00 00:00:00,АВТОМАТИЗАЦИЯ КАЛ. ЛИНИЙ,"АВТОМАТИЗАЦИЯ КАЛАНДРОВОЙ ЛИНИИ: качалки, синхронихаторы, устройства равнения полотна http://polgroup.ru/auto_kal_line.html",http://polgroup.ru/auto_kal_line.html
1775,1212,2,356,0,1,0000-00-00 00:00:00,ОБОР.ПРОИЗВ.УТЕПЛ.ТРУБ ВСПЕН.ПЭ,ОБОРУДОВАНИЕ ДЛЯ ПРОИЗВОДСТВА УТЕПЛИТЕЛЯ ТРУБ из ВСПЕНЕННОГО ПОЛИЭТИЛЕНА ПЭ Пройдите по ссылке http://www.polgroup.ru/foamPE.html,http://www.polgroup.ru/foamPE.html
1776,1688,3,15,0,1,0000-00-00 00:00:00,"ДРОБИЛКИ ПЛАСТМАСС, ГРАНУЛЯТОРЫ",ЛИНИИ ГРАНУЛИРОВАНИЯ и ДРОБИЛКИ ПЛАСТМАСС http://polgroup.ru/line_gran.html,http://polgroup.ru/line_gran.html
1796,1793,4,200,0,1,0000-00-00 00:00:00,ХОЛОДНОГО ТИПА МЧХ,"ЭКСТРУДЕР ДЛЯ РЕЗИНЫ ХОЛОДНОГО ТИПА Типа МЧХ, МАШИНА ОДНОЧЕРВЯЧНАЯ . Китай Пройдите по ссылке http://www.polgroup.ru/mchx.html",http://www.polgroup.ru/mchx.html
1786,1333,3,60,0,1,0000-00-00 00:00:00,"ПРОИЗВОДСТВО ТПУ TPU ТРУБОК, РУКАВОВ, ШЛАНГОВ","Производство ТПУ TPU трубок, рукавов, шлангов http://polgroup.ru/tpu.html",http://polgroup.ru/tpu.html
1787,1267,3,46,0,1,0000-00-00 00:00:00,ЗАКАТКИ,"Закатка, закаточное устройство каландровой линии http://polgroup.ru/zakatki.html",http://polgroup.ru/zakatki.html
1788,1090,3,120,0,1,0000-00-00 00:00:00,ЗАКАТКА,Закаточные машины каландровой линии http://polgroup.ru/zakatki.html,http://polgroup.ru/zakatki.html
1791,1789,3,200,0,1,0000-00-00 00:00:00,ВУЛКАНИЗАЦИЯ ПРОФИЛЯ В СОЛЕВОЙ КАМЕРЕ ЛИНИЯ,ВУЛКАНИЗАЦИЯ ПРОФИЛЯ В СОЛЕВОЙ КАМЕРЕ ЛИНИЯ http://www.polgroup.ru/salt.html,http://www.polgroup.ru/salt.html
1792,1789,3,300,0,1,0000-00-00 00:00:00,ВУЛКАНИЗАЦИЯ РЕЗ. ПОЛОТНА. БАРАБАННЫЙ ВУЛКАНИЗАТОР,Машина непрерывной вулканизации резинового полотна http://www.polgroup.ru/drum_vulc.html,http://www.polgroup.ru/drum_vulc.html
1798,1793,4,500,0,1,0000-00-00 00:00:00,2 ШНЕК.КОНИЧ.С ВАЛК.ГОЛ.,Двухшнековый смесительный конический экструдер для резины с двухвалковой головкой (вальцами-каландром) на выходе http://www.polgroup.ru/twin_screw.html,http://www.polgroup.ru/twin_screw.html
1799,1793,4,399,0,1,0000-00-00 00:00:00,ШТИФТОВЫЙ ХОЛ.ТИПА,ШТИФТОВЫЙ ЭКСТРУДЕР ДЛЯ РЕЗИНЫ ХОЛОДНОГО ТИПА. Китай Пройдите по ссылке http://www.polgroup.ru/pinbarrel.html,http://www.polgroup.ru/pinbarrel.html
1800,1793,4,450,0,1,0000-00-00 00:00:00,ШТИФТОВЫЙ С ГИДР.ГОЛ.,ЭКСТРУДЕР ДЛЯ РЕЗИНЫ ШТИФТОВЫЙ С ГИДРАВЛИЧЕСКОЙ ГОЛОВКОЙ. Китай Пройдите по ссылке http://www.polgroup.ru/eks_gidra.html,http://www.polgroup.ru/eks_gidra.html
1801,1793,4,800,0,1,0000-00-00 00:00:00,ДЛЯ РЕЗИНЫ РУЧНОЙ,ЭКСТРУДЕР ДЛЯ РЕЗИНЫ РУЧНОЙ. Китай Пройдите по ссылке http://www.polgroup.ru/ekc_cn.html,http://www.polgroup.ru/ekc_cn.html
1802,1793,4,700,0,1,0000-00-00 00:00:00,ФИЛЬТРОВАЛЬНЫЕ ГОЛОВКИ,Фильтровальные головки к экструдерам. Китай. http://www.polgroup.ru/filtr_gol.html,http://www.polgroup.ru/filtr_gol.html
1807,1793,4,900,0,1,0000-00-00 00:00:00,ЛИНИЯ МИКРОВОЛН. ВУЛК.,"МИКРОВОЛНОВАЯ НЕПРЕРЫВНАЯ ВУЛКАНИЗАЦИОННАЯ ЛИНИЯ ДЛЯ РЕЗИНОВОГО ПРОФИЛЯ, УПЛОТНЕНИЯ и ПР. ПРОЙДИТЕ ПО ССЫЛКЕ http://www.polgroup.ru/wave.html",http://www.polgroup.ru/wave.html
1815,1066,3,40,0,1,0000-00-00 00:00:00,РЕЗИНОСМЕСИТЕЛЬ 20 л. Россия.,Резиносмеситель периодического действия с нижней выгрузкой на 20 литров Нашего производства http://polgroup.ru/20litrov.html,http://polgroup.ru/20litrov.html
1816,1066,3,35,0,1,0000-00-00 00:00:00,РЕЗИНОСМЕСИТЕЛЬ 18 л. Россия.,Резиносмеситель периодического действия с нижней выгрузкой на 18 литров Стандартный и Интермикс Нашего производства http://polgroup.ru/18litrov.html,http://polgroup.ru/18litrov.html
1817,1066,3,32,0,1,0000-00-00 00:00:00,"РЕЗИНОСМЕСИТЕЛЬ 5,5 л. Интермикс. Россия.","Резиносмеситель периодического действия с нижней выгрузкой на 5,5 литра Интермикс Нашего производства. www.polgroup.ru/5_5litra.html",http://www.polgroup.ru/5_5litra.html
1818,1066,3,25,0,1,0000-00-00 00:00:00,"РЕЗИНОСМЕСИТЕЛЬ 2,5 литра Интермикс Россия","Резиносмеситель 2,5 литра Интермикс http://www.polgroup.ru/2_5litra.html",http://www.polgroup.ru/2_5litra.html
1819,1688,3,60,0,1,0000-00-00 00:00:00,ОТРЕЗНАЯ МАШИНА ТРУБ ИЗ РЕЗИНЫ,"Отрезка резиновых шлагнов, труб, армированных нитью http://www.polgroup.ru/otrez_rub.html",http://www.polgroup.ru/otrez_rub.html
1820,1267,3,25,0,1,0000-00-00 00:00:00,КАЛАНДРЫ 3-х ВАЛКОВЫЕ ДЛЯ ТКАНИ,КАЛАНДРЫ 3-х ВАЛКОВЫЕ ДЛЯ ТКАНИ http://polgroup.ru/kal3_fabric.html,http://polgroup.ru/kal3_fabric.html
1821,1212,2,380,0,1,0000-00-00 00:00:00,ОБОР.ПРОИЗВ.БУМАЖН.СТАКАНЧИКОВ,Машины для производства бумажных стаканчиков. Китай http://polgroup.ru/paper_cup.html,http://polgroup.ru/paper_cup.html
1823,1652,3,5,0,1,0000-00-00 00:00:00,АБРАЗИМЕТР МАШИНА НА ИСПЫТАНИЕ РЕЗИН НА ИСТИРАНИЕ,АБРАЗИМЕТР МАШИНА НА ИСПЫТАНИЕ РЕЗИН НА ИСТИРАНИЕ Китай http://www.polgroup.ru/abraz.html,http://www.polgroup.ru/abraz.html
1824,1652,3,10,0,1,0000-00-00 00:00:00,ИСПЫТАНИЕ ИЗНОШЕННОСТИ КЛИНОВОГО РЕМНЯ,И СПЫТАНИЕ ИЗНОШЕННОСТИ КЛИНОВОГО РЕМНЯ Китай http://www.polgroup.ru/klinov.html,http://www.polgroup.ru/klinov.html
1825,1652,3,15,0,1,0000-00-00 00:00:00,ИСПЫТАТЕЛЬ ТРЕНИЯ АКРОНА РЕЗИНЫ,ИСПЫТАТЕЛЬ ТРЕНИЯ АКРОНА РЕЗИНЫ http://www.polgroup.ru/akron.html,http://www.polgroup.ru/akron.html
1826,1652,3,20,0,1,0000-00-00 00:00:00,ПРИБОР ИЗМЕРЕНИЯ КОЭФФИЦИЕНТА ТРЕНИЯ ПЛЁНОК,ПРИБОР ИЗМЕРЕНИЯ КОЭФФИЦИЕНТА ТРЕНИЯ ПЛЁНОК http://www.polgroup.ru/fric_film.html,http://www.polgroup.ru/fric_film.html
1827,1652,3,25,0,1,0000-00-00 00:00:00,МАШИНА ДЛЯ ИСПЫТАНИЯ НА ИСТИРАНИЕ МИ-2,МАШИНА ДЛЯ ИСПЫТАНИЯ НА ИСТИРАНИЕ МИ-2 http://www.polgroup.ru/mi_2.html,http://www.polgroup.ru/mi_2.html
1828,1283,3,65,0,1,0000-00-00 00:00:00,ДРОБОМЕТНАЯ КАМЕРА БАРАБАННОГО ТИПА,ДРОБОМЕТНАЯ КАМЕРА БАРАБАННОГО ТИПА Пройдите по ссылке h ttp://www.polgroup.ru/drob_met.html,http://www.polgroup.ru/drob_met.html
1829,1061,3,272,0,1,0000-00-00 00:00:00,___Запчасти к Вальцам 320 и 350,"Запасные части к Вальцам ПД 320, ЛБ 320, СМ 320, ПД 350, ЛБ 350, СМ 350 http://polgroup.ru/price_zchpd320.html",http://polgroup.ru/price_zchpd320.html
1832,1283,3,27,0,1,0000-00-00 00:00:00,КОНУСНЫЕ. Китай,СМЕСИТЕЛИ КОНУСНЫЕ. Китай Пройдите по ссылке Смесители конусные http://www.polgroup.ru/kon_mixer.html,http://www.polgroup.ru/taper_mixer.html
1833,1271,3,100,0,1,0000-00-00 00:00:00,ЛИНИЯ ДЛЯ ТРУБ из СИЛИКОНА,ЛИНИИ ДЛЯ ПРОИЗВОДСТВА ТРУБ ИЗ СИЛИКОНА Пройдите по ссылке http://polgroup.ru/trub_silicon.html,http://polgroup.ru/trub_silicon.html
1834,1283,3,29,0,1,0000-00-00 00:00:00,СТАТИЧЕСКИЕ. Китай,СМЕСИТЕЛИ СТАТИЧЕСКИЕ. Китай Пройдите по ссылке http://www.polgroup.ru/kon_mixer.html,http://www.polgroup.ru/smes_stat.html
1835,1271,3,95,0,1,0000-00-00 00:00:00,ЛИНИЯ ПРОИЗВ. ФИЛАМЕНТА,ЛИНИИ ДЛЯ ПРОИЗВОДСТВА ФИЛАМЕНТА Пройдите по ссылке http://polgroup.ru/filament.html,http://www.polgroup.ru/filament.html
1836,1793,4,475,0,1,0000-00-00 00:00:00,С ВАЛКОВОЙ ГОЛОВКОЙ,Экструдеры с валковой головкой на выходе,http://www.polgroup.ru/eks_roll.html
1838,1267,3,41,0,1,0000-00-00 00:00:00,ЛИНИЯ ДЛЯ ЛИСТА ЕВА (EVA),,http://www.polgroup.ru/lineeva3kal.html
1843,1066,3,55,0,1,0000-00-00 00:00:00,РЕЗИНОСМЕСИТЕЛЬ 80 л. Россия.,Резиносмеситель 80 литров https://www.polgroup.ru/80litrov.html своего производства,https://www.polgroup.ru/80litrov.html
1846,1477,2,5,0,1,0000-00-00 00:00:00,Б/У в КИТАЕ ДЛЯ РЕЗИНЫ И ПЛАСТМАСС,"Second hand Б/У оборудование в Китае для резины и пластмасс всё в куче, не систематизированно https://www.polgroup.ru/nel_China.html",https://www.polgroup.ru/nel_China.html
1847,1061,3,100,0,1,0000-00-00 00:00:00,Лб 200 100/100,Вальцы лабораторные для резины Лб 200 100/100 https://polgroup.ru/tex_lb200.html,https://polgroup.ru/tex_lb200.html
7,0,0,1,1,1,2006-03-23 00:00:00,Main,"SANKT-PETERSBURG MACHINE-BUILDING PLANT The plant has got the structure of machine-building plant. At present the plant fabricates open mills and calanders with roll length up to 1250 mm, rubber mixers volume up to 40 liters , mixers volume up to 200 liters, duplex & triplex heads, machines and lines for manufacturing protector tyres , machines and lines for manufacturing tight layer tyres , equipment for manufacture of rubber footwear, galoshes , tablet compressing rotor and hydraulic machines up to 1000 kN (100tn) , laboratory equipment & testing machine for rubber and plastics . Equipment (english) Keywords: Rubber processing mill , Laboratory roll-mixing mill , Open mill , Rubber processing rolls , Rifiner , Line for blanks of side walls of heavy duty tyres and treads up to 1000 mm. Index 552.031 , Line for manufacturing a tight layer tyre. Index 552.031 , diagonal cuting machine , centering device , 4 roll calender , installation of imposing of tapes , duplex , triplex , mixer , batch mixer , Extruder , Rubber Grinding Extruder Installation Index 514.431 , tablet compressing machine , rotary tabletting machine , tabletting line , Two-Roll Rubber Processing Calender , Four-Roll Rubber , Processing Calender , Five-Roll Rubber Processing Calender , Single Roller Die Extruder , Bale strip cutter , cutting machine , Planet cutting machine , Multi-blade Slitter , Horizontal Cutting Machine , Flower Basket Tablet Press , Single Punch Tablet Press , Rotary Tablet Press , Braiding Machine , Tensile Strength Tester , Simple-Beam Impact Tester , CARBON BLACK DISPERSION TESTER , RESILIENCE ELASTICITY TESTER DIN53512, IS04662 ,DIN 53573 , Plastic Pipe Hydraulic Pressure Testing Machine , Dumbbell Sample Making Machine , Aging Oven , Common V-Belt Fatigue Tester , MOONEY VISCOMETER (MV) ASTM-D1646, ISO-289, JIS-K6300, GB-T1232.1, GB-T1233 , CUTTER PRESS UL-1581.ASTM-D412 , AUTO-PNEUMATIC CUTTER PRESS ASTM-D412 , Automatic Rubber Cutting Machine , Automatic Oil Seal Trimming Machine , FOAM RUBBER RECIPROCATING COMPRESSION TESTER ISO-7214, JIS-K6767 , FLEXOMETER GB 1687, HG/T2070, ISO-4663, ASTM-D62 , THICKNESS GAUGE , Drop Weight Impact Tester , PARALLEL PLATE PLASTOMETER ASTM-D926, ISO-7323, GB/T 12828 , Rubber Vertical Fatigue Cracking Testing Machine , Rubber Low Temperature Brittleness Tester , AKRON ABRASION TESTER , DIN Abrasion Tester",
3,0,0,120,0,1,0000-00-00 00:00:00,Order form,,http://www.polgroup.ru/index.php?module=callback
4,0,0,100,0,1,0000-00-00 00:00:00,Administration,"Administration Polymermach Group Ltd. Adress: Ozerkovsky prospekt, 38 Lit.A St.Petersburg Russia 197375 Click http://www.polymermachgroup.com//lllll.html",http://www.polymermachgroup.com//lllll.html
1014,0,0,10,0,1,0000-00-00 00:00:00,Production,"Production open mill, Rubber processing mill Laboratory roll-mixing mill Open mill Rubber processing rolls Rifiner Line for blanks of side walls of heavy duty tyres and treads up to 1000 mm. Index 552.031 Line for manufacturing a tight layer tyre Index 552.031 diagonal cuting machine centering device 4 roll calender installation of imposing of tapes duplex triplex mixer batch mixer Extruder Rubber Grinding Extruder Installation Index 514.431 tablet compressing machine rotary tabletting machine tabletting line Two-Roll Rubber Processing Calender Four-Roll Rubber Processing Calender Five-Roll Rubber Processing Calender Single Roller Die Extruder Bale strip cutter cutting machine Planet cutting machine Multi-blade Slitter Horizontal Cutting Machine Flower Basket Tablet Press Single Punch Tablet Press Rotary Tablet Press Braiding Machine Tensile Strength Tester Simple-Beam Impact Tester CARBON BLACK DISPERSION TESTER RESILIENCE ELASTICITY TESTER DIN53512 IS04662 DIN 53573 Plastic Pipe Hydraulic Pressure Testing Machine Dumbbell Sample Making Machine Aging Oven Common V-Belt Fatigue Tester MOONEY VISCOMETER (MV) ASTM-D1646 ISO-289 JIS-K6300 GB-T1232.1 GB-T1233 CUTTER PRESS UL-1581.ASTM-D412 AUTO-PNEUMATIC CUTTER PRESS ASTM-D412 Automatic Rubber Cutting Machine Automatic Oil Seal Trimming Machine FOAM RUBBER RECIPROCATING COMPRESSION TESTER ISO-7214 JIS-K6767 FLEXOMETER GB 1687 HG/T2070 ISO-4663 ASTM-D62 THICKNESS GAUGE Drop Weight Impact Tester PARALLEL PLATE PLASTOMETER ASTM-D926 ISO-7323 GB/T 12828 Rubber Vertical Fatigue Cracking Testing Machine Rubber Low Temperature Brittleness Tester AKRON ABRASION TESTER DIN Abrasion Tester CLICK http://www.polgroup.ru/111111.html",http://www.polgroup.ru/111111.html
1006,0,0,25,0,1,0000-00-00 00:00:00,Price-list ( RUB ),"Price-list for equipment for rubber and plastic and laboratory testers ( RUB ) CLICK http:/www.polgroup.ru/price_all.html Rubber processing mill , Laboratory roll-mixing mill , Open mill , Rubber processing rolls , Rifiner , Line for blanks of side walls of heavy duty tyres and treads up to 1000 mm. Index 552.031 , Line for manufacturing a tight layer tyre. Index 552.031 , diagonal cuting machine , centering device , 4 roll calender , installation of imposing of tapes , duplex , triplex , mixer , batch mixer , Extruder , Rubber Grinding Extruder Installation Index 514.431 , tablet compressing machine , rotary tabletting machine , tabletting line , Two-Roll Rubber Processing Calender , Four-Roll Rubber , Processing Calender , Five-Roll Rubber Processing Calender , Single Roller Die Extruder , Bale strip cutter , cutting machine , Planet cutting machine , Multi-blade Slitter , Horizontal Cutting Machine , Flower Basket Tablet Press , Single Punch Tablet Press , Rotary Tablet Press , Braiding Machine , Tensile Strength Tester , Simple-Beam Impact Tester , CARBON BLACK DISPERSION TESTER , RESILIENCE ELASTICITY TESTER DIN53512, IS04662 ,DIN 53573 , Plastic Pipe Hydraulic Pressure Testing Machine , Dumbbell Sample Making Machine , Aging Oven , Common V-Belt Fatigue Tester , MOONEY VISCOMETER (MV) ASTM-D1646, ISO-289, JIS-K6300, GB-T1232.1, GB-T1233 , CUTTER PRESS UL-1581.ASTM-D412 , AUTO-PNEUMATIC CUTTER PRESS ASTM-D412 , Automatic Rubber Cutting Machine , Automatic Oil Seal Trimming Machine , FOAM RUBBER RECIPROCATING COMPRESSION TESTER ISO-7214, JIS-K6767 , FLEXOMETER GB 1687, HG/T2070, ISO-4663, ASTM-D62 , THICKNESS GAUGE , Drop Weight Impact Tester , PARALLEL PLATE PLASTOMETER ASTM-D926, ISO-7323, GB/T 12828 , Rubber Vertical Fatigue Cracking Testing Machine , Rubber Low Temperature Brittleness Tester , AKRON ABRASION TESTER , DIN Abrasion Tester",price_all.html
1007,0,0,104,0,1,0000-00-00 00:00:00,Constituent documents,Constituent documents,
1008,1007,1,10,0,1,0000-00-00 00:00:00,Registration list,,http://www.polymermachgroup.com/cvid_o_reg.gif
1010,1007,1,30,0,1,0000-00-00 00:00:00,Certificate on statement on the account in tax body,,
1012,1007,1,50,0,1,0000-00-00 00:00:00,Statistic,,
1013,1007,1,80,0,1,0000-00-00 00:00:00,Charter 2 sheet,,
1027,1014,1,10,0,1,0000-00-00 00:00:00,Equipment (eng),,http://www.polgroup.ru/111111.html
1028,1014,1,20,0,1,0000-00-00 00:00:00,Laboratory equipment & devices for rubber and plastics (only rus).,,http://polymermachgroup.com/pribori.html
1059,0,0,110,0,1,0000-00-00 00:00:00,Bank reguisites,"Polymermach Group Ltd. INN 7814405633 Address: Ozerkovsky pr., 38 Lit.A , Saint-Petersburg , RUSSIA ,197375 Beneficiary’s bank - Bank «Saint-Petersburg» PLC, Branch «Viborgsky» address bank: pr.Engelsa, 85 Lit.A , Saint-Petersburg , 194214; Phone, bank (812) 332-78-07 , fax : (812)332-78-02 Acc. # 40702810470000 000 245 RUR Acc. # USD Acc. # EURO Correspondent acc # 30101810900000000790 , BIK 044030790 SWIFT: JSBSRU2P",
1063,1006,1,10,0,1,0000-00-00 00:00:00,PRICE-LIST main ( in roubles ) 270 Kb,http://www.polgroup.ru/price_all.html,http://www.polgroup.ru/price_all.html
1064,1006,1,20,0,1,0000-00-00 00:00:00,PRICE-LIST on testing machine and the labware ( in roubles ) made in Russia,http://www.polgroup.ru/cena.html,http://www.polgroup.ru/cena.html
1065,1006,1,30,0,1,0000-00-00 00:00:00,PRICE-LIST on cutting knifes and compression moulds for laboratory researches (in roubles),http://www.polgroup.ru/price_pf_no.html,http://www.polgroup.ru/price_pf_no.html
1068,1007,1,71,0,1,0000-00-00 00:00:00,Charter 1 sheet,,
1069,1014,1,30,0,1,0000-00-00 00:00:00,Equipment Made in China (only rus),,http://www.polymermachgroup.com/1111_cn.html
1070,1014,1,40,0,1,0000-00-00 00:00:00,Laboratory equipment & testing machine Made in China (only rus),,http://www.polymermachgroup.com/pribori_cn.html
1071,1006,1,40,0,1,0000-00-00 00:00:00,PRICE-LIST equipment made in CHINA ( in roubles ),http://www.polgroup.ru/price_cn.html,http://www.polgroup.ru/price_cn.html
1072,1006,1,45,0,1,0000-00-00 00:00:00,PRICE-LIST on testing machine and the labware CHINA ( in roubles ),http://www.polgroup.ru/cena_cn.html,http://www.polgroup.ru/cena_cn.html
1078,0,0,130,0,1,0000-00-00 00:00:00,Map of city,Click http://www.polgroup.ru/karta_eng.php,http://www.polgroup.ru/karta_eng.php
1079,0,0,50,0,1,0000-00-00 00:00:00,Second-hand equipment,"Second-hand equipment Click http://polymermachgroup.com/second_hand.html Rubber processing mill , Laboratory roll-mixing mill , Open mill , Rubber processing rolls , Rifiner , Line for blanks of side walls of heavy duty tyres and treads up to 1000 mm. Index 552.031 , Line for manufacturing a tight layer tyre. Index 552.031 , diagonal cuting machine , centering device , 4 roll calender , installation of imposing of tapes , duplex , triplex , mixer , batch mixer , Extruder , Rubber Grinding Extruder Installation Index 514.431 , tablet compressing machine , rotary tabletting machine , tabletting line , Two-Roll Rubber Processing Calender , Four-Roll Rubber , Processing Calender , Five-Roll Rubber Processing Calender , Single Roller Die Extruder , Bale strip cutter , cutting machine , Planet cutting machine , Multi-blade Slitter , Horizontal Cutting Machine , Flower Basket Tablet Press , Single Punch Tablet Press , Rotary Tablet Press , Braiding Machine , Tensile Strength Tester , Simple-Beam Impact Tester , CARBON BLACK DISPERSION TESTER , RESILIENCE ELASTICITY TESTER DIN53512, IS04662 ,DIN 53573 , Plastic Pipe Hydraulic Pressure Testing Machine , Dumbbell Sample Making Machine , Aging Oven , Common V-Belt Fatigue Tester , MOONEY VISCOMETER (MV) ASTM-D1646, ISO-289, JIS-K6300, GB-T1232.1, GB-T1233 , CUTTER PRESS UL-1581.ASTM-D412 , AUTO-PNEUMATIC CUTTER PRESS ASTM-D412 , Automatic Rubber Cutting Machine , Automatic Oil Seal Trimming Machine , FOAM RUBBER RECIPROCATING COMPRESSION TESTER ISO-7214, JIS-K6767 , FLEXOMETER GB 1687, HG/T2070, ISO-4663, ASTM-D62 , THICKNESS GAUGE , Drop Weight Impact Tester , PARALLEL PLATE PLASTOMETER ASTM-D926, ISO-7323, GB/T 12828 , Rubber Vertical Fatigue Cracking Testing Machine , Rubber Low Temperature Brittleness Tester , AKRON ABRASION TESTER , DIN Abrasion Tester",http://polymermachgroup.com/second_hand.html
